case_id,activity,timestamp,carbon
SHP-1b27c7c4,PO Created,2025-06-25T18:46:37.482473,0
SHP-1b27c7c4,Supplier Delay,2025-06-27T18:46:37.482473,0
SHP-1b27c7c4,In Transit,2025-06-29T18:46:37.482473,38061.94
SHP-1b27c7c4,Received,2025-06-30T18:46:37.482473,0
SHP-91dbff32,PO Created,2025-08-08T18:46:37.482473,0
SHP-91dbff32,Supplier Delay,2025-08-11T18:46:37.482473,0
SHP-91dbff32,In Transit,2025-08-13T18:46:37.482473,225522.46
SHP-91dbff32,Received,2025-08-17T18:46:37.482473,0
SHP-54092e05,PO Created,2025-12-13T18:46:37.482473,0
SHP-54092e05,In Transit,2025-12-15T18:46:37.482473,63018.39
SHP-54092e05,Received,2025-12-16T18:46:37.482473,0
SHP-a0d4a12b,PO Created,2026-02-08T18:46:37.482473,0
SHP-a0d4a12b,In Transit,2026-02-11T18:46:37.482473,804837.61
SHP-a0d4a12b,Received,2026-02-21T18:46:37.482473,0
SHP-d2963b67,PO Created,2026-04-07T18:46:37.482473,0
SHP-d2963b67,In Transit,2026-04-09T18:46:37.482473,19676888.82
SHP-d2963b67,Received,2026-04-10T18:46:37.482473,0
SHP-a8754c86,PO Created,2025-11-04T18:46:37.482473,0
SHP-a8754c86,In Transit,2025-11-05T18:46:37.482473,1614020.55
SHP-a8754c86,Received,2025-11-13T18:46:37.482473,0
SHP-6d759142,PO Created,2026-04-09T18:46:37.482473,0
SHP-6d759142,In Transit,2026-04-10T18:46:37.482473,475967.92
SHP-6d759142,Received,2026-04-21T18:46:37.482473,0
SHP-167b7395,PO Created,2026-01-21T18:46:37.482473,0
SHP-167b7395,In Transit,2026-01-24T18:46:37.482473,268955.49
SHP-167b7395,Received,2026-01-31T18:46:37.482473,0
SHP-fb770bf3,PO Created,2025-07-01T18:46:37.482473,0
SHP-fb770bf3,Supplier Delay,2025-07-02T18:46:37.482473,0
SHP-fb770bf3,In Transit,2025-07-07T18:46:37.482473,386032.42
SHP-fb770bf3,Customs Hold,2025-07-13T18:46:37.482473,0
SHP-fb770bf3,Received,2025-07-16T18:46:37.482473,0
SHP-6a05264e,PO Created,2026-04-10T18:46:37.482473,0
SHP-6a05264e,In Transit,2026-04-12T18:46:37.482473,24868864.26
SHP-6a05264e,Customs Hold,2026-04-13T18:46:37.482473,0
SHP-6a05264e,Received,2026-04-15T18:46:37.482473,0
SHP-3192ca6c,PO Created,2025-10-24T18:46:37.482473,0
SHP-3192ca6c,In Transit,2025-10-27T18:46:37.482473,86569.1
SHP-3192ca6c,Received,2025-10-28T18:46:37.482473,0
SHP-70593d9a,PO Created,2025-06-29T18:46:37.482473,0
SHP-70593d9a,Supplier Delay,2025-06-30T18:46:37.482473,0
SHP-70593d9a,In Transit,2025-07-10T18:46:37.482473,12250.79
SHP-70593d9a,Received,2025-07-11T18:46:37.482473,0
SHP-1db400f3,PO Created,2025-08-08T18:46:37.482473,0
SHP-1db400f3,Supplier Delay,2025-08-11T18:46:37.482473,0
SHP-1db400f3,In Transit,2025-08-16T18:46:37.482473,15055011.11
SHP-1db400f3,Received,2025-08-17T18:46:37.482473,0
SHP-7df28efc,PO Created,2025-12-24T18:46:37.482473,0
SHP-7df28efc,In Transit,2025-12-25T18:46:37.482473,359873.01
SHP-7df28efc,Received,2026-01-01T18:46:37.482473,0
SHP-a01cce92,PO Created,2025-10-13T18:46:37.482473,0
SHP-a01cce92,In Transit,2025-10-15T18:46:37.482473,281697.09
SHP-a01cce92,Customs Hold,2025-10-19T18:46:37.482473,0
SHP-a01cce92,Received,2025-10-23T18:46:37.482473,0
SHP-b2a6ad21,PO Created,2025-12-05T18:46:37.482473,0
SHP-b2a6ad21,In Transit,2025-12-06T18:46:37.482473,87419.95
SHP-b2a6ad21,Received,2025-12-10T18:46:37.482473,0
SHP-eb8bfce3,PO Created,2026-02-07T18:46:37.482473,0
SHP-eb8bfce3,Supplier Delay,2026-02-08T18:46:37.482473,0
SHP-eb8bfce3,In Transit,2026-02-10T18:46:37.482473,583832.73
SHP-eb8bfce3,Received,2026-02-21T18:46:37.482473,0
SHP-8883d7e4,PO Created,2026-02-23T18:46:37.482473,0
SHP-8883d7e4,In Transit,2026-02-26T18:46:37.482473,119243.74
SHP-8883d7e4,Received,2026-03-02T18:46:37.482473,0
SHP-b54f8921,PO Created,2026-04-06T18:46:37.482473,0
SHP-b54f8921,Supplier Delay,2026-04-08T18:46:37.482473,0
SHP-b54f8921,In Transit,2026-04-13T18:46:37.482473,279118.27
SHP-b54f8921,Customs Hold,2026-04-20T18:46:37.482473,0
SHP-b54f8921,Received,2026-04-23T18:46:37.482473,0
SHP-3449845b,PO Created,2026-01-28T18:46:37.482473,0
SHP-3449845b,Supplier Delay,2026-01-30T18:46:37.482473,0
SHP-3449845b,In Transit,2026-02-09T18:46:37.482473,37129407.61
SHP-3449845b,Customs Hold,2026-02-10T18:46:37.482473,0
SHP-3449845b,Received,2026-02-12T18:46:37.482473,0
SHP-461e76ee,PO Created,2025-07-30T18:46:37.482473,0
SHP-461e76ee,Supplier Delay,2025-08-02T18:46:37.482473,0
SHP-461e76ee,In Transit,2025-08-04T18:46:37.482473,10432482.62
SHP-461e76ee,Received,2025-08-05T18:46:37.482473,0
SHP-98ed96e0,PO Created,2026-04-17T18:46:37.482473,0
SHP-98ed96e0,In Transit,2026-04-18T18:46:37.482473,10613162.28
SHP-98ed96e0,Received,2026-04-19T18:46:37.482473,0
SHP-a9a98a65,PO Created,2026-02-01T18:46:37.482473,0
SHP-a9a98a65,Supplier Delay,2026-02-02T18:46:37.482473,0
SHP-a9a98a65,In Transit,2026-02-04T18:46:37.482473,22870.44
SHP-a9a98a65,Received,2026-02-05T18:46:37.482473,0
SHP-15bf061f,PO Created,2025-08-11T18:46:37.483471,0
SHP-15bf061f,In Transit,2025-08-13T18:46:37.483471,422046.98
SHP-15bf061f,Received,2025-08-14T18:46:37.483471,0
SHP-8e5b31fa,PO Created,2026-03-28T18:46:37.483471,0
SHP-8e5b31fa,Supplier Delay,2026-03-29T18:46:37.483471,0
SHP-8e5b31fa,In Transit,2026-03-31T18:46:37.483471,37501911.54
SHP-8e5b31fa,Customs Hold,2026-04-01T18:46:37.483471,0
SHP-8e5b31fa,Received,2026-04-05T18:46:37.483471,0
SHP-0cfc76da,PO Created,2026-04-14T18:46:37.483471,0
SHP-0cfc76da,In Transit,2026-04-17T18:46:37.483471,3373.88
SHP-0cfc76da,Received,2026-04-18T18:46:37.483471,0
SHP-33e11e4b,PO Created,2025-08-01T18:46:37.483471,0
SHP-33e11e4b,In Transit,2025-08-02T18:46:37.483471,299586.4
SHP-33e11e4b,Received,2025-08-06T18:46:37.483471,0
SHP-53348142,PO Created,2025-08-04T18:46:37.483471,0
SHP-53348142,Supplier Delay,2025-08-05T18:46:37.483471,0
SHP-53348142,In Transit,2025-08-07T18:46:37.483471,188551.65
SHP-53348142,Received,2025-08-12T18:46:37.483471,0
SHP-57406fef,PO Created,2025-09-29T18:46:37.483471,0
SHP-57406fef,In Transit,2025-10-02T18:46:37.483471,7373339.36
SHP-57406fef,Received,2025-10-03T18:46:37.483471,0
SHP-69963aa5,PO Created,2025-10-14T18:46:37.483471,0
SHP-69963aa5,Supplier Delay,2025-10-15T18:46:37.483471,0
SHP-69963aa5,In Transit,2025-10-20T18:46:37.483471,6290.77
SHP-69963aa5,Received,2025-10-21T18:46:37.483471,0
SHP-bdfa85be,PO Created,2025-08-09T18:46:37.483471,0
SHP-bdfa85be,In Transit,2025-08-11T18:46:37.483471,14514.52
SHP-bdfa85be,Customs Hold,2025-08-12T18:46:37.483471,0
SHP-bdfa85be,Received,2025-08-14T18:46:37.483471,0
SHP-a2ba4347,PO Created,2025-08-18T18:46:37.483471,0
SHP-a2ba4347,In Transit,2025-08-21T18:46:37.483471,528562.1
SHP-a2ba4347,Customs Hold,2025-08-29T18:46:37.483471,0
SHP-a2ba4347,Received,2025-09-01T18:46:37.483471,0
SHP-e7b0db0c,PO Created,2026-04-10T18:46:37.483471,0
SHP-e7b0db0c,In Transit,2026-04-11T18:46:37.483471,1465.37
SHP-e7b0db0c,Received,2026-04-12T18:46:37.483471,0
SHP-05cab19f,PO Created,2025-08-18T18:46:37.483471,0
SHP-05cab19f,In Transit,2025-08-21T18:46:37.483471,6817.44
SHP-05cab19f,Received,2025-08-22T18:46:37.483471,0
SHP-a6dc96e4,PO Created,2025-07-25T18:46:37.483471,0
SHP-a6dc96e4,Supplier Delay,2025-07-27T18:46:37.483471,0
SHP-a6dc96e4,In Transit,2025-07-29T18:46:37.483471,287943.74
SHP-a6dc96e4,Received,2025-08-05T18:46:37.483471,0
SHP-d8c6a7fb,PO Created,2025-11-27T18:46:37.483471,0
SHP-d8c6a7fb,Supplier Delay,2025-11-28T18:46:37.483471,0
SHP-d8c6a7fb,In Transit,2025-11-30T18:46:37.483471,223094.92
SHP-d8c6a7fb,Received,2025-12-01T18:46:37.483471,0
SHP-2e5f9c4e,PO Created,2025-11-19T18:46:37.483471,0
SHP-2e5f9c4e,In Transit,2025-11-20T18:46:37.483471,1557813.2
SHP-2e5f9c4e,Customs Hold,2025-11-25T18:46:37.483471,0
SHP-2e5f9c4e,Received,2025-11-27T18:46:37.483471,0
SHP-e705e1a3,PO Created,2026-01-12T18:46:37.483471,0
SHP-e705e1a3,In Transit,2026-01-13T18:46:37.483471,44503.06
SHP-e705e1a3,Received,2026-01-18T18:46:37.483471,0
SHP-a23480bb,PO Created,2025-10-22T18:46:37.483471,0
SHP-a23480bb,In Transit,2025-10-24T18:46:37.483471,374644.28
SHP-a23480bb,Customs Hold,2025-10-31T18:46:37.483471,0
SHP-a23480bb,Received,2025-11-03T18:46:37.483471,0
SHP-ba31afaf,PO Created,2025-12-01T18:46:37.483471,0
SHP-ba31afaf,In Transit,2025-12-02T18:46:37.483471,161456.25
SHP-ba31afaf,Received,2025-12-03T18:46:37.483471,0
SHP-b52e2a9a,PO Created,2026-04-02T18:46:37.483471,0
SHP-b52e2a9a,In Transit,2026-04-05T18:46:37.483471,691.61
SHP-b52e2a9a,Received,2026-04-06T18:46:37.483471,0
SHP-4c4aa44a,PO Created,2025-12-14T18:46:37.483471,0
SHP-4c4aa44a,Supplier Delay,2025-12-17T18:46:37.483471,0
SHP-4c4aa44a,In Transit,2025-12-22T18:46:37.483471,300921.42
SHP-4c4aa44a,Received,2025-12-30T18:46:37.483471,0
SHP-7be9f6f9,PO Created,2025-09-02T18:46:37.483471,0
SHP-7be9f6f9,In Transit,2025-09-04T18:46:37.483471,31485.2
SHP-7be9f6f9,Customs Hold,2025-09-05T18:46:37.483471,0
SHP-7be9f6f9,Received,2025-09-06T18:46:37.483471,0
SHP-7072bd40,PO Created,2025-10-14T18:46:37.483471,0
SHP-7072bd40,In Transit,2025-10-17T18:46:37.483471,9646.69
SHP-7072bd40,Received,2025-10-18T18:46:37.483471,0
SHP-cebddf03,PO Created,2025-10-06T18:46:37.483471,0
SHP-cebddf03,In Transit,2025-10-07T18:46:37.483471,77885.04
SHP-cebddf03,Received,2025-10-12T18:46:37.483471,0
SHP-eac40402,PO Created,2026-01-30T18:46:37.483471,0
SHP-eac40402,Supplier Delay,2026-02-02T18:46:37.483471,0
SHP-eac40402,In Transit,2026-02-07T18:46:37.483471,244976.67
SHP-eac40402,Received,2026-02-11T18:46:37.483471,0
SHP-70d241e1,PO Created,2026-04-25T18:46:37.483471,0
SHP-70d241e1,Supplier Delay,2026-04-26T18:46:37.483471,0
SHP-70d241e1,In Transit,2026-04-28T18:46:37.483471,105558.13
SHP-70d241e1,Customs Hold,2026-05-03T18:46:37.483471,0
SHP-70d241e1,Received,2026-05-07T18:46:37.483471,0
SHP-00e95f4c,PO Created,2026-01-02T18:46:37.483471,0
SHP-00e95f4c,Supplier Delay,2026-01-03T18:46:37.483471,0
SHP-00e95f4c,In Transit,2026-01-05T18:46:37.483471,165894.56
SHP-00e95f4c,Received,2026-01-16T18:46:37.483471,0
SHP-5426aaf0,PO Created,2025-07-27T18:46:37.483471,0
SHP-5426aaf0,In Transit,2025-07-29T18:46:37.483471,2521.51
SHP-5426aaf0,Received,2025-07-30T18:46:37.483471,0
SHP-80124572,PO Created,2025-09-16T18:46:37.483471,0
SHP-80124572,In Transit,2025-09-17T18:46:37.483471,99215.08
SHP-80124572,Customs Hold,2025-09-21T18:46:37.483471,0
SHP-80124572,Received,2025-09-22T18:46:37.483471,0
SHP-35caa828,PO Created,2025-06-26T18:46:37.483471,0
SHP-35caa828,In Transit,2025-06-29T18:46:37.483471,34334.08
SHP-35caa828,Received,2025-06-30T18:46:37.483471,0
SHP-babb6ec4,PO Created,2026-04-21T18:46:37.483471,0
SHP-babb6ec4,Supplier Delay,2026-04-22T18:46:37.483471,0
SHP-babb6ec4,In Transit,2026-04-24T18:46:37.483471,636193.72
SHP-babb6ec4,Received,2026-05-05T18:46:37.483471,0
SHP-2978fbb4,PO Created,2026-01-12T18:46:37.483471,0
SHP-2978fbb4,In Transit,2026-01-13T18:46:37.483471,28268.92
SHP-2978fbb4,Received,2026-01-14T18:46:37.483471,0
SHP-0368c198,PO Created,2025-06-22T18:46:37.483471,0
SHP-0368c198,Supplier Delay,2025-06-23T18:46:37.483471,0
SHP-0368c198,In Transit,2025-07-03T18:46:37.483471,460579.16
SHP-0368c198,Received,2025-07-10T18:46:37.483471,0
SHP-0f5e1ba7,PO Created,2026-03-08T18:46:37.483471,0
SHP-0f5e1ba7,In Transit,2026-03-11T18:46:37.483471,332001.24
SHP-0f5e1ba7,Received,2026-03-18T18:46:37.483471,0
SHP-6626a897,PO Created,2026-03-11T18:46:37.483471,0
SHP-6626a897,In Transit,2026-03-12T18:46:37.483471,108633.53
SHP-6626a897,Customs Hold,2026-03-17T18:46:37.483471,0
SHP-6626a897,Received,2026-03-20T18:46:37.483471,0
SHP-cb1ce49c,PO Created,2026-01-18T18:46:37.483471,0
SHP-cb1ce49c,In Transit,2026-01-20T18:46:37.483471,2558953.42
SHP-cb1ce49c,Received,2026-01-31T18:46:37.483471,0
SHP-35038193,PO Created,2025-10-21T18:46:37.483471,0
SHP-35038193,Supplier Delay,2025-10-22T18:46:37.483471,0
SHP-35038193,In Transit,2025-10-24T18:46:37.483471,320228.83
SHP-35038193,Received,2025-11-01T18:46:37.483471,0
SHP-8135916e,PO Created,2026-04-17T18:46:37.483471,0
SHP-8135916e,Supplier Delay,2026-04-19T18:46:37.483471,0
SHP-8135916e,In Transit,2026-04-21T18:46:37.483471,4713270.5
SHP-8135916e,Received,2026-05-02T18:46:37.483471,0
SHP-bd0e57a5,PO Created,2026-03-19T18:46:37.483471,0
SHP-bd0e57a5,In Transit,2026-03-22T18:46:37.483471,224885.67
SHP-bd0e57a5,Received,2026-03-27T18:46:37.483471,0
SHP-5d2543e4,PO Created,2025-06-09T18:46:37.483471,0
SHP-5d2543e4,In Transit,2025-06-11T18:46:37.483471,306573.96
SHP-5d2543e4,Received,2025-06-16T18:46:37.483471,0
SHP-c7516ff6,PO Created,2025-12-11T18:46:37.483471,0
SHP-c7516ff6,In Transit,2025-12-13T18:46:37.483471,228966.61
SHP-c7516ff6,Customs Hold,2025-12-17T18:46:37.483471,0
SHP-c7516ff6,Received,2025-12-20T18:46:37.483471,0
SHP-b50ab884,PO Created,2026-05-05T18:46:37.483471,0
SHP-b50ab884,In Transit,2026-05-08T18:46:37.483471,205075.37
SHP-b50ab884,Received,2026-05-13T18:46:37.483471,0
SHP-16a8f488,PO Created,2025-07-27T18:46:37.483471,0
SHP-16a8f488,Supplier Delay,2025-07-28T18:46:37.483471,0
SHP-16a8f488,In Transit,2025-07-30T18:46:37.483471,106919.12
SHP-16a8f488,Received,2025-08-10T18:46:37.483471,0
SHP-2eb98d87,PO Created,2025-08-12T18:46:37.483471,0
SHP-2eb98d87,In Transit,2025-08-15T18:46:37.483471,99874.23
SHP-2eb98d87,Customs Hold,2025-08-20T18:46:37.483471,0
SHP-2eb98d87,Received,2025-08-24T18:46:37.483471,0
SHP-b4efdab1,PO Created,2025-10-19T18:46:37.483471,0
SHP-b4efdab1,In Transit,2025-10-21T18:46:37.483471,224872.74
SHP-b4efdab1,Customs Hold,2025-10-30T18:46:37.483471,0
SHP-b4efdab1,Received,2025-10-31T18:46:37.483471,0
SHP-1988989f,PO Created,2025-12-08T18:46:37.483471,0
SHP-1988989f,In Transit,2025-12-10T18:46:37.483471,3903.12
SHP-1988989f,Received,2025-12-11T18:46:37.483471,0
SHP-8a32148e,PO Created,2025-08-26T18:46:37.483471,0
SHP-8a32148e,In Transit,2025-08-28T18:46:37.483471,485863.85
SHP-8a32148e,Customs Hold,2025-09-08T18:46:37.483471,0
SHP-8a32148e,Received,2025-09-11T18:46:37.483471,0
SHP-be4f0661,PO Created,2025-11-14T18:46:37.483471,0
SHP-be4f0661,Supplier Delay,2025-11-16T18:46:37.483471,0
SHP-be4f0661,In Transit,2025-11-18T18:46:37.483471,9513.16
SHP-be4f0661,Received,2025-11-19T18:46:37.483471,0
SHP-b0a9e137,PO Created,2025-11-08T18:46:37.483471,0
SHP-b0a9e137,Supplier Delay,2025-11-09T18:46:37.483471,0
SHP-b0a9e137,In Transit,2025-11-19T18:46:37.483471,144537.28
SHP-b0a9e137,Received,2025-11-23T18:46:37.483471,0
SHP-4e13f496,PO Created,2025-08-28T18:46:37.483471,0
SHP-4e13f496,In Transit,2025-08-29T18:46:37.483471,565701.38
SHP-4e13f496,Received,2025-09-09T18:46:37.483471,0
SHP-09719dd0,PO Created,2026-02-13T18:46:37.483471,0
SHP-09719dd0,In Transit,2026-02-16T18:46:37.483471,223599.43
SHP-09719dd0,Customs Hold,2026-02-27T18:46:37.483471,0
SHP-09719dd0,Received,2026-03-02T18:46:37.483471,0
SHP-b6977fa4,PO Created,2025-10-07T18:46:37.483471,0
SHP-b6977fa4,In Transit,2025-10-09T18:46:37.483471,185342.6
SHP-b6977fa4,Received,2025-10-13T18:46:37.483471,0
SHP-39aed730,PO Created,2025-08-21T18:46:37.483471,0
SHP-39aed730,In Transit,2025-08-24T18:46:37.483471,104404.74
SHP-39aed730,Received,2025-08-31T18:46:37.483471,0
SHP-8ff48c02,PO Created,2026-04-06T18:46:37.483471,0
SHP-8ff48c02,Supplier Delay,2026-04-08T18:46:37.483471,0
SHP-8ff48c02,In Transit,2026-04-10T18:46:37.483471,3650.35
SHP-8ff48c02,Received,2026-04-11T18:46:37.483471,0
SHP-87661bb9,PO Created,2026-04-01T18:46:37.483471,0
SHP-87661bb9,In Transit,2026-04-04T18:46:37.483471,1095.36
SHP-87661bb9,Customs Hold,2026-04-05T18:46:37.483471,0
SHP-87661bb9,Received,2026-04-07T18:46:37.483471,0
SHP-4c847124,PO Created,2025-08-14T18:46:37.483471,0
SHP-4c847124,In Transit,2025-08-16T18:46:37.483471,267909.58
SHP-4c847124,Customs Hold,2025-08-23T18:46:37.483471,0
SHP-4c847124,Received,2025-08-26T18:46:37.483471,0
SHP-1334d91a,PO Created,2026-04-08T18:46:37.483471,0
SHP-1334d91a,In Transit,2026-04-10T18:46:37.483471,268747.49
SHP-1334d91a,Received,2026-04-17T18:46:37.483471,0
SHP-df54795e,PO Created,2025-06-20T18:46:37.483471,0
SHP-df54795e,Supplier Delay,2025-06-22T18:46:37.483471,0
SHP-df54795e,In Transit,2025-06-24T18:46:37.483471,168792.5
SHP-df54795e,Received,2025-06-25T18:46:37.483471,0
SHP-496cf7a4,PO Created,2026-01-23T18:46:37.483471,0
SHP-496cf7a4,Supplier Delay,2026-01-25T18:46:37.483471,0
SHP-496cf7a4,In Transit,2026-01-27T18:46:37.483471,86334.84
SHP-496cf7a4,Received,2026-02-03T18:46:37.483471,0
SHP-2bede029,PO Created,2025-08-01T18:46:37.483471,0
SHP-2bede029,In Transit,2025-08-02T18:46:37.483471,165186.38
SHP-2bede029,Received,2025-08-13T18:46:37.483471,0
SHP-9bfbae41,PO Created,2026-02-14T18:46:37.483471,0
SHP-9bfbae41,In Transit,2026-02-16T18:46:37.483471,27174.84
SHP-9bfbae41,Customs Hold,2026-02-17T18:46:37.483471,0
SHP-9bfbae41,Received,2026-02-18T18:46:37.483471,0
SHP-6647b656,PO Created,2025-10-03T18:46:37.483471,0
SHP-6647b656,In Transit,2025-10-05T18:46:37.483471,194639.08
SHP-6647b656,Received,2025-10-12T18:46:37.483471,0
SHP-ab3aa426,PO Created,2025-09-09T18:46:37.483471,0
SHP-ab3aa426,In Transit,2025-09-11T18:46:37.483471,758085.2
SHP-ab3aa426,Received,2025-09-15T18:46:37.483471,0
SHP-5aff3295,PO Created,2025-08-26T18:46:37.483471,0
SHP-5aff3295,Supplier Delay,2025-08-28T18:46:37.483471,0
SHP-5aff3295,In Transit,2025-08-30T18:46:37.483471,44170277.52
SHP-5aff3295,Received,2025-08-31T18:46:37.483471,0
SHP-c0196732,PO Created,2025-11-07T18:46:37.483471,0
SHP-c0196732,In Transit,2025-11-10T18:46:37.483471,51877.29
SHP-c0196732,Received,2025-11-15T18:46:37.483471,0
SHP-baf99d74,PO Created,2025-08-16T18:46:37.483471,0
SHP-baf99d74,In Transit,2025-08-18T18:46:37.483471,1343.51
SHP-baf99d74,Received,2025-08-19T18:46:37.483471,0
SHP-64f5dcff,PO Created,2025-10-23T18:46:37.483471,0
SHP-64f5dcff,In Transit,2025-10-25T18:46:37.483471,373105.27
SHP-64f5dcff,Received,2025-11-05T18:46:37.483471,0
SHP-c34b8b34,PO Created,2025-07-30T18:46:37.483471,0
SHP-c34b8b34,In Transit,2025-08-02T18:46:37.483471,656322.65
SHP-c34b8b34,Customs Hold,2025-08-06T18:46:37.483471,0
SHP-c34b8b34,Received,2025-08-08T18:46:37.483471,0
SHP-f3ae46c8,PO Created,2026-02-26T18:46:37.483471,0
SHP-f3ae46c8,Supplier Delay,2026-02-28T18:46:37.483471,0
SHP-f3ae46c8,In Transit,2026-03-02T18:46:37.483471,40090.01
SHP-f3ae46c8,Customs Hold,2026-03-04T18:46:37.483471,0
SHP-f3ae46c8,Received,2026-03-08T18:46:37.483471,0
SHP-62884f17,PO Created,2025-12-05T18:46:37.483471,0
SHP-62884f17,In Transit,2025-12-06T18:46:37.483471,504971.68
SHP-62884f17,Received,2025-12-17T18:46:37.483471,0
SHP-0ee31f44,PO Created,2025-07-27T18:46:37.483471,0
SHP-0ee31f44,In Transit,2025-07-28T18:46:37.483471,263121.56
SHP-0ee31f44,Received,2025-08-04T18:46:37.483471,0
SHP-59b5cad1,PO Created,2026-03-17T18:46:37.483471,0
SHP-59b5cad1,Supplier Delay,2026-03-18T18:46:37.483471,0
SHP-59b5cad1,In Transit,2026-03-20T18:46:37.483471,145587.81
SHP-59b5cad1,Received,2026-03-27T18:46:37.483471,0
SHP-aa579638,PO Created,2025-07-28T18:46:37.483471,0
SHP-aa579638,In Transit,2025-07-30T18:46:37.483471,2671853.57
SHP-aa579638,Received,2025-08-10T18:46:37.483471,0
SHP-d93dad9d,PO Created,2026-04-22T18:46:37.483471,0
SHP-d93dad9d,In Transit,2026-04-23T18:46:37.483471,180705.52
SHP-d93dad9d,Received,2026-05-01T18:46:37.483471,0
SHP-04562094,PO Created,2025-08-07T18:46:37.483471,0
SHP-04562094,Supplier Delay,2025-08-10T18:46:37.483471,0
SHP-04562094,In Transit,2025-08-12T18:46:37.483471,188102.43
SHP-04562094,Received,2025-08-19T18:46:37.483471,0
SHP-64a481a6,PO Created,2025-12-08T18:46:37.483471,0
SHP-64a481a6,In Transit,2025-12-11T18:46:37.483471,179475.8
SHP-64a481a6,Customs Hold,2025-12-19T18:46:37.483471,0
SHP-64a481a6,Received,2025-12-21T18:46:37.483471,0
SHP-69f82ed3,PO Created,2025-12-09T18:46:37.483471,0
SHP-69f82ed3,In Transit,2025-12-12T18:46:37.483471,38042.71
SHP-69f82ed3,Received,2025-12-13T18:46:37.483471,0
SHP-33ec06f5,PO Created,2026-04-10T18:46:37.483471,0
SHP-33ec06f5,In Transit,2026-04-13T18:46:37.483471,18260.03
SHP-33ec06f5,Received,2026-04-14T18:46:37.483471,0
SHP-0ff94170,PO Created,2025-10-17T18:46:37.483471,0
SHP-0ff94170,In Transit,2025-10-20T18:46:37.483471,7404.96
SHP-0ff94170,Received,2025-10-21T18:46:37.483471,0
SHP-eac522ee,PO Created,2025-06-05T18:46:37.483471,0
SHP-eac522ee,Supplier Delay,2025-06-08T18:46:37.483471,0
SHP-eac522ee,In Transit,2025-06-10T18:46:37.483471,12539.59
SHP-eac522ee,Customs Hold,2025-06-12T18:46:37.483471,0
SHP-eac522ee,Received,2025-06-15T18:46:37.483471,0
SHP-562c8777,PO Created,2026-02-27T18:46:37.483471,0
SHP-562c8777,In Transit,2026-03-01T18:46:37.483471,22195315.26
SHP-562c8777,Received,2026-03-02T18:46:37.483471,0
SHP-fb537aee,PO Created,2025-10-21T18:46:37.483471,0
SHP-fb537aee,Supplier Delay,2025-10-23T18:46:37.483471,0
SHP-fb537aee,In Transit,2025-10-25T18:46:37.483471,5938896.28
SHP-fb537aee,Received,2025-11-05T18:46:37.483471,0
SHP-9e9e64bd,PO Created,2026-02-22T18:46:37.483471,0
SHP-9e9e64bd,In Transit,2026-02-25T18:46:37.483471,1141695.51
SHP-9e9e64bd,Received,2026-03-08T18:46:37.483471,0
SHP-4916613c,PO Created,2025-11-23T18:46:37.483471,0
SHP-4916613c,In Transit,2025-11-24T18:46:37.483471,366410.08
SHP-4916613c,Customs Hold,2025-11-29T18:46:37.483471,0
SHP-4916613c,Received,2025-12-03T18:46:37.483471,0
SHP-ca4e17d2,PO Created,2025-12-10T18:46:37.483471,0
SHP-ca4e17d2,In Transit,2025-12-11T18:46:37.483471,241399.14
SHP-ca4e17d2,Customs Hold,2025-12-15T18:46:37.483471,0
SHP-ca4e17d2,Received,2025-12-19T18:46:37.483471,0
SHP-56f6b8a4,PO Created,2025-07-23T18:46:37.483471,0
SHP-56f6b8a4,Supplier Delay,2025-07-24T18:46:37.483471,0
SHP-56f6b8a4,In Transit,2025-08-03T18:46:37.483471,331863.24
SHP-56f6b8a4,Received,2025-08-14T18:46:37.483471,0
SHP-2665a1be,PO Created,2026-02-03T18:46:37.483471,0
SHP-2665a1be,In Transit,2026-02-06T18:46:37.483471,45166.88
SHP-2665a1be,Received,2026-02-07T18:46:37.483471,0
SHP-0e5f9b58,PO Created,2025-06-27T18:46:37.483471,0
SHP-0e5f9b58,In Transit,2025-06-30T18:46:37.483471,198811.56
SHP-0e5f9b58,Received,2025-07-05T18:46:37.483471,0
SHP-fe3480d1,PO Created,2025-08-08T18:46:37.483471,0
SHP-fe3480d1,In Transit,2025-08-09T18:46:37.483471,5025652.95
SHP-fe3480d1,Received,2025-08-20T18:46:37.483471,0
SHP-0d72a935,PO Created,2025-07-30T18:46:37.483471,0
SHP-0d72a935,In Transit,2025-08-01T18:46:37.483471,199062.18
SHP-0d72a935,Customs Hold,2025-08-06T18:46:37.483471,0
SHP-0d72a935,Received,2025-08-10T18:46:37.483471,0
SHP-4028bea6,PO Created,2025-09-03T18:46:37.483471,0
SHP-4028bea6,In Transit,2025-09-04T18:46:37.483471,59741.84
SHP-4028bea6,Received,2025-09-09T18:46:37.483471,0
SHP-0cc68759,PO Created,2025-10-18T18:46:37.483471,0
SHP-0cc68759,In Transit,2025-10-20T18:46:37.483471,229840.15
SHP-0cc68759,Received,2025-10-25T18:46:37.483471,0
SHP-019f885c,PO Created,2025-07-06T18:46:37.483471,0
SHP-019f885c,In Transit,2025-07-07T18:46:37.483471,29433.35
SHP-019f885c,Customs Hold,2025-07-08T18:46:37.483471,0
SHP-019f885c,Received,2025-07-09T18:46:37.483471,0
SHP-7806617b,PO Created,2026-02-10T18:46:37.483471,0
SHP-7806617b,In Transit,2026-02-12T18:46:37.483471,133500.93
SHP-7806617b,Received,2026-02-19T18:46:37.483471,0
SHP-ee565023,PO Created,2025-11-22T18:46:37.484471,0
SHP-ee565023,In Transit,2025-11-25T18:46:37.484471,621311.51
SHP-ee565023,Received,2025-12-06T18:46:37.484471,0
SHP-48471e3c,PO Created,2026-03-15T18:46:37.484471,0
SHP-48471e3c,In Transit,2026-03-16T18:46:37.484471,2185378.53
SHP-48471e3c,Received,2026-03-26T18:46:37.484471,0
SHP-b160a24f,PO Created,2026-02-19T18:46:37.484471,0
SHP-b160a24f,Supplier Delay,2026-02-21T18:46:37.484471,0
SHP-b160a24f,In Transit,2026-02-26T18:46:37.484471,437356.63
SHP-b160a24f,Customs Hold,2026-03-05T18:46:37.484471,0
SHP-b160a24f,Received,2026-03-08T18:46:37.484471,0
SHP-5719033f,PO Created,2026-04-06T18:46:37.484471,0
SHP-5719033f,Supplier Delay,2026-04-07T18:46:37.484471,0
SHP-5719033f,In Transit,2026-04-09T18:46:37.484471,3720421.51
SHP-5719033f,Received,2026-04-16T18:46:37.484471,0
SHP-00fe2b28,PO Created,2025-12-05T18:46:37.484471,0
SHP-00fe2b28,In Transit,2025-12-07T18:46:37.484471,535.46
SHP-00fe2b28,Received,2025-12-08T18:46:37.484471,0
SHP-7ea04ff6,PO Created,2026-04-09T18:46:37.484471,0
SHP-7ea04ff6,Supplier Delay,2026-04-10T18:46:37.484471,0
SHP-7ea04ff6,In Transit,2026-04-12T18:46:37.484471,105916.36
SHP-7ea04ff6,Received,2026-04-21T18:46:37.484471,0
SHP-bc718b1a,PO Created,2025-06-20T18:46:37.484471,0
SHP-bc718b1a,Supplier Delay,2025-06-22T18:46:37.484471,0
SHP-bc718b1a,In Transit,2025-06-27T18:46:37.484471,47138429.33
SHP-bc718b1a,Received,2025-06-28T18:46:37.484471,0
SHP-22432877,PO Created,2026-03-13T18:46:37.484471,0
SHP-22432877,In Transit,2026-03-14T18:46:37.484471,331311.68
SHP-22432877,Customs Hold,2026-03-22T18:46:37.484471,0
SHP-22432877,Received,2026-03-23T18:46:37.484471,0
SHP-c2263b34,PO Created,2025-11-28T18:46:37.484471,0
SHP-c2263b34,In Transit,2025-12-01T18:46:37.484471,504098.92
SHP-c2263b34,Received,2025-12-12T18:46:37.484471,0
SHP-5b78b5eb,PO Created,2026-04-17T18:46:37.484471,0
SHP-5b78b5eb,In Transit,2026-04-18T18:46:37.484471,22426466.52
SHP-5b78b5eb,Received,2026-04-19T18:46:37.484471,0
SHP-f4d38937,PO Created,2026-02-08T18:46:37.484471,0
SHP-f4d38937,Supplier Delay,2026-02-10T18:46:37.484471,0
SHP-f4d38937,In Transit,2026-02-15T18:46:37.484471,1101247.13
SHP-f4d38937,Received,2026-02-26T18:46:37.484471,0
SHP-6f0c53d1,PO Created,2026-04-11T18:46:37.484471,0
SHP-6f0c53d1,In Transit,2026-04-14T18:46:37.484471,15068.77
SHP-6f0c53d1,Received,2026-04-16T18:46:37.484471,0
SHP-e243e742,PO Created,2025-10-05T18:46:37.484471,0
SHP-e243e742,Supplier Delay,2025-10-06T18:46:37.484471,0
SHP-e243e742,In Transit,2025-10-08T18:46:37.484471,28379669.84
SHP-e243e742,Received,2025-10-09T18:46:37.484471,0
SHP-1d7c199b,PO Created,2026-02-25T18:46:37.484471,0
SHP-1d7c199b,In Transit,2026-02-26T18:46:37.484471,3912.48
SHP-1d7c199b,Received,2026-02-27T18:46:37.484471,0
SHP-68ed2cf7,PO Created,2026-04-07T18:46:37.484471,0
SHP-68ed2cf7,In Transit,2026-04-08T18:46:37.484471,24495.0
SHP-68ed2cf7,Customs Hold,2026-04-09T18:46:37.484471,0
SHP-68ed2cf7,Received,2026-04-11T18:46:37.484471,0
SHP-700dc79f,PO Created,2026-04-28T18:46:37.484471,0
SHP-700dc79f,In Transit,2026-05-01T18:46:37.484471,317033.61
SHP-700dc79f,Received,2026-05-05T18:46:37.484471,0
SHP-9ffbef68,PO Created,2025-09-20T18:46:37.484471,0
SHP-9ffbef68,In Transit,2025-09-21T18:46:37.484471,3550.26
SHP-9ffbef68,Received,2025-09-22T18:46:37.484471,0
SHP-51350457,PO Created,2025-10-22T18:46:37.484471,0
SHP-51350457,In Transit,2025-10-24T18:46:37.484471,374055.57
SHP-51350457,Received,2025-10-31T18:46:37.484471,0
SHP-d95142b6,PO Created,2025-07-27T18:46:37.484471,0
SHP-d95142b6,In Transit,2025-07-30T18:46:37.484471,386299.37
SHP-d95142b6,Received,2025-08-06T18:46:37.484471,0
SHP-4e7d0f42,PO Created,2025-11-20T18:46:37.484471,0
SHP-4e7d0f42,In Transit,2025-11-22T18:46:37.484471,228049.29
SHP-4e7d0f42,Received,2025-11-30T18:46:37.484471,0
SHP-0212edf5,PO Created,2026-02-09T18:46:37.484471,0
SHP-0212edf5,Supplier Delay,2026-02-12T18:46:37.484471,0
SHP-0212edf5,In Transit,2026-02-14T18:46:37.484471,236293.09
SHP-0212edf5,Customs Hold,2026-02-19T18:46:37.484471,0
SHP-0212edf5,Received,2026-02-22T18:46:37.484471,0
SHP-5b8fe183,PO Created,2025-11-23T18:46:37.484471,0
SHP-5b8fe183,In Transit,2025-11-25T18:46:37.484471,11116395.76
SHP-5b8fe183,Received,2025-11-26T18:46:37.484471,0
SHP-283fc1a2,PO Created,2025-10-21T18:46:37.484471,0
SHP-283fc1a2,In Transit,2025-10-24T18:46:37.484471,15258764.59
SHP-283fc1a2,Received,2025-10-25T18:46:37.484471,0
SHP-9e07f06a,PO Created,2025-12-01T18:46:37.484471,0
SHP-9e07f06a,Supplier Delay,2025-12-04T18:46:37.484471,0
SHP-9e07f06a,In Transit,2025-12-09T18:46:37.484471,201871.69
SHP-9e07f06a,Customs Hold,2025-12-13T18:46:37.484471,0
SHP-9e07f06a,Received,2025-12-15T18:46:37.484471,0
SHP-7b6db845,PO Created,2026-02-18T18:46:37.484471,0
SHP-7b6db845,In Transit,2026-02-20T18:46:37.484471,58421.72
SHP-7b6db845,Customs Hold,2026-02-22T18:46:37.484471,0
SHP-7b6db845,Received,2026-02-23T18:46:37.484471,0
SHP-18a59dc4,PO Created,2025-12-12T18:46:37.484471,0
SHP-18a59dc4,In Transit,2025-12-14T18:46:37.484471,131709.72
SHP-18a59dc4,Customs Hold,2025-12-18T18:46:37.484471,0
SHP-18a59dc4,Received,2025-12-22T18:46:37.484471,0
SHP-64509bfa,PO Created,2025-10-02T18:46:37.484471,0
SHP-64509bfa,In Transit,2025-10-05T18:46:37.484471,237602.29
SHP-64509bfa,Received,2025-10-13T18:46:37.484471,0
SHP-3d2ed609,PO Created,2025-10-17T18:46:37.484471,0
SHP-3d2ed609,Supplier Delay,2025-10-20T18:46:37.484471,0
SHP-3d2ed609,In Transit,2025-10-25T18:46:37.484471,279844.61
SHP-3d2ed609,Received,2025-10-30T18:46:37.484471,0
SHP-8d4b6664,PO Created,2025-09-04T18:46:37.484471,0
SHP-8d4b6664,Supplier Delay,2025-09-05T18:46:37.484471,0
SHP-8d4b6664,In Transit,2025-09-07T18:46:37.484471,240033.69
SHP-8d4b6664,Received,2025-09-12T18:46:37.484471,0
SHP-a53801e6,PO Created,2025-08-03T18:46:37.484471,0
SHP-a53801e6,Supplier Delay,2025-08-04T18:46:37.484471,0
SHP-a53801e6,In Transit,2025-08-09T18:46:37.484471,204423.86
SHP-a53801e6,Received,2025-08-13T18:46:37.484471,0
SHP-6339d25c,PO Created,2026-04-05T18:46:37.484471,0
SHP-6339d25c,In Transit,2026-04-08T18:46:37.484471,452512.27
SHP-6339d25c,Received,2026-04-16T18:46:37.484471,0
SHP-5ff2e67d,PO Created,2026-01-14T18:46:37.484471,0
SHP-5ff2e67d,In Transit,2026-01-15T18:46:37.484471,1656609.99
SHP-5ff2e67d,Customs Hold,2026-01-20T18:46:37.484471,0
SHP-5ff2e67d,Received,2026-01-21T18:46:37.484471,0
SHP-96538c9f,PO Created,2026-04-20T18:46:37.484471,0
SHP-96538c9f,In Transit,2026-04-21T18:46:37.484471,78006.94
SHP-96538c9f,Received,2026-04-23T18:46:37.484471,0
SHP-ff4493b3,PO Created,2025-06-26T18:46:37.484471,0
SHP-ff4493b3,In Transit,2025-06-29T18:46:37.484471,442754.32
SHP-ff4493b3,Received,2025-07-07T18:46:37.484471,0
SHP-049d34d4,PO Created,2025-12-15T18:46:37.484471,0
SHP-049d34d4,In Transit,2025-12-16T18:46:37.484471,251840.47
SHP-049d34d4,Received,2025-12-21T18:46:37.484471,0
SHP-8bc29dab,PO Created,2025-11-06T18:46:37.484471,0
SHP-8bc29dab,Supplier Delay,2025-11-09T18:46:37.484471,0
SHP-8bc29dab,In Transit,2025-11-14T18:46:37.484471,216762.69
SHP-8bc29dab,Received,2025-11-19T18:46:37.484471,0
SHP-9ed9c59b,PO Created,2025-06-10T18:46:37.484471,0
SHP-9ed9c59b,Supplier Delay,2025-06-11T18:46:37.484471,0
SHP-9ed9c59b,In Transit,2025-06-13T18:46:37.484471,70436.63
SHP-9ed9c59b,Received,2025-06-18T18:46:37.484471,0
SHP-efb135ce,PO Created,2025-08-06T18:46:37.484471,0
SHP-efb135ce,Supplier Delay,2025-08-07T18:46:37.484471,0
SHP-efb135ce,In Transit,2025-08-12T18:46:37.484471,38685.39
SHP-efb135ce,Customs Hold,2025-08-13T18:46:37.484471,0
SHP-efb135ce,Received,2025-08-14T18:46:37.484471,0
SHP-1e7659ac,PO Created,2026-01-24T18:46:37.484471,0
SHP-1e7659ac,In Transit,2026-01-25T18:46:37.484471,49933.4
SHP-1e7659ac,Received,2026-02-01T18:46:37.484471,0
SHP-d72374e9,PO Created,2026-04-10T18:46:37.485472,0
SHP-d72374e9,In Transit,2026-04-13T18:46:37.485472,80995.57
SHP-d72374e9,Received,2026-04-18T18:46:37.485472,0
SHP-b3e6b914,PO Created,2025-10-02T18:46:37.485472,0
SHP-b3e6b914,Supplier Delay,2025-10-03T18:46:37.485472,0
SHP-b3e6b914,In Transit,2025-10-08T18:46:37.485472,589643.89
SHP-b3e6b914,Received,2025-10-15T18:46:37.485472,0
SHP-02a5082d,PO Created,2025-12-13T18:46:37.485472,0
SHP-02a5082d,Supplier Delay,2025-12-16T18:46:37.485472,0
SHP-02a5082d,In Transit,2025-12-21T18:46:37.485472,30174080.68
SHP-02a5082d,Received,2025-12-22T18:46:37.485472,0
SHP-db1c33f9,PO Created,2026-03-18T18:46:37.485472,0
SHP-db1c33f9,Supplier Delay,2026-03-21T18:46:37.485472,0
SHP-db1c33f9,In Transit,2026-03-31T18:46:37.485472,3652546.12
SHP-db1c33f9,Received,2026-04-11T18:46:37.485472,0
SHP-a66596b6,PO Created,2026-05-02T18:46:37.485472,0
SHP-a66596b6,In Transit,2026-05-04T18:46:37.485472,265915.0
SHP-a66596b6,Received,2026-05-05T18:46:37.485472,0
SHP-4be1fb00,PO Created,2025-10-31T18:46:37.485472,0
SHP-4be1fb00,Supplier Delay,2025-11-03T18:46:37.485472,0
SHP-4be1fb00,In Transit,2025-11-05T18:46:37.485472,558995.09
SHP-4be1fb00,Received,2025-11-12T18:46:37.485472,0
SHP-b646e125,PO Created,2025-11-01T18:46:37.485472,0
SHP-b646e125,Supplier Delay,2025-11-02T18:46:37.485472,0
SHP-b646e125,In Transit,2025-11-04T18:46:37.485472,57330.63
SHP-b646e125,Received,2025-11-08T18:46:37.485472,0
SHP-fec4916e,PO Created,2026-01-13T18:46:37.485472,0
SHP-fec4916e,Supplier Delay,2026-01-14T18:46:37.485472,0
SHP-fec4916e,In Transit,2026-01-16T18:46:37.485472,151688.09
SHP-fec4916e,Received,2026-01-21T18:46:37.485472,0
SHP-07b429ef,PO Created,2025-10-16T18:46:37.485472,0
SHP-07b429ef,In Transit,2025-10-18T18:46:37.485472,12608.26
SHP-07b429ef,Received,2025-10-19T18:46:37.485472,0
SHP-af0298df,PO Created,2025-09-17T18:46:37.485472,0
SHP-af0298df,In Transit,2025-09-19T18:46:37.485472,1833.73
SHP-af0298df,Received,2025-09-20T18:46:37.485472,0
SHP-1bc81650,PO Created,2026-01-31T18:46:37.485472,0
SHP-1bc81650,In Transit,2026-02-03T18:46:37.485472,157178.14
SHP-1bc81650,Received,2026-02-07T18:46:37.485472,0
SHP-0e357000,PO Created,2025-06-21T18:46:37.485472,0
SHP-0e357000,Supplier Delay,2025-06-24T18:46:37.485472,0
SHP-0e357000,In Transit,2025-06-29T18:46:37.485472,1772934.2
SHP-0e357000,Received,2025-07-03T18:46:37.485472,0
SHP-b44d19b4,PO Created,2025-08-05T18:46:37.485472,0
SHP-b44d19b4,In Transit,2025-08-06T18:46:37.485472,11191350.26
SHP-b44d19b4,Received,2025-08-07T18:46:37.485472,0
SHP-a6cad1b2,PO Created,2025-10-04T18:46:37.485472,0
SHP-a6cad1b2,In Transit,2025-10-07T18:46:37.485472,89904.36
SHP-a6cad1b2,Received,2025-10-09T18:46:37.485472,0
SHP-65eb81b0,PO Created,2026-01-09T18:46:37.485472,0
SHP-65eb81b0,In Transit,2026-01-12T18:46:37.485472,85309.14
SHP-65eb81b0,Customs Hold,2026-01-14T18:46:37.485472,0
SHP-65eb81b0,Received,2026-01-18T18:46:37.485472,0
SHP-58a1ddbf,PO Created,2026-01-08T18:46:37.485472,0
SHP-58a1ddbf,In Transit,2026-01-10T18:46:37.485472,406193.7
SHP-58a1ddbf,Received,2026-01-21T18:46:37.485472,0
SHP-d6fcc64c,PO Created,2025-12-06T18:46:37.485472,0
SHP-d6fcc64c,Supplier Delay,2025-12-09T18:46:37.485472,0
SHP-d6fcc64c,In Transit,2025-12-14T18:46:37.485472,84576.69
SHP-d6fcc64c,Received,2025-12-18T18:46:37.485472,0
SHP-72b917d2,PO Created,2026-04-05T18:46:37.485472,0
SHP-72b917d2,In Transit,2026-04-06T18:46:37.485472,303448.7
SHP-72b917d2,Received,2026-04-14T18:46:37.485472,0
SHP-30e5b990,PO Created,2026-04-01T18:46:37.485472,0
SHP-30e5b990,In Transit,2026-04-04T18:46:37.485472,4835803.88
SHP-30e5b990,Received,2026-04-15T18:46:37.485472,0
SHP-7b1f6410,PO Created,2025-09-05T18:46:37.485472,0
SHP-7b1f6410,In Transit,2025-09-06T18:46:37.485472,402981.38
SHP-7b1f6410,Received,2025-09-14T18:46:37.485472,0
SHP-2b0bfe73,PO Created,2026-04-11T18:46:37.485472,0
SHP-2b0bfe73,In Transit,2026-04-12T18:46:37.485472,317776.13
SHP-2b0bfe73,Received,2026-04-19T18:46:37.485472,0
SHP-8ee72e1a,PO Created,2025-09-01T18:46:37.485472,0
SHP-8ee72e1a,Supplier Delay,2025-09-02T18:46:37.485472,0
SHP-8ee72e1a,In Transit,2025-09-07T18:46:37.485472,1119610.65
SHP-8ee72e1a,Customs Hold,2025-09-13T18:46:37.485472,0
SHP-8ee72e1a,Received,2025-09-17T18:46:37.485472,0
SHP-d811e3de,PO Created,2025-12-25T18:46:37.485472,0
SHP-d811e3de,In Transit,2025-12-28T18:46:37.485472,2929909.27
SHP-d811e3de,Received,2026-01-05T18:46:37.485472,0
SHP-e8bcf225,PO Created,2026-04-21T18:46:37.485472,0
SHP-e8bcf225,Supplier Delay,2026-04-24T18:46:37.485472,0
SHP-e8bcf225,In Transit,2026-04-26T18:46:37.485472,16426.27
SHP-e8bcf225,Customs Hold,2026-04-28T18:46:37.485472,0
SHP-e8bcf225,Received,2026-04-30T18:46:37.485472,0
SHP-1775eddb,PO Created,2025-10-06T18:46:37.485472,0
SHP-1775eddb,In Transit,2025-10-08T18:46:37.485472,32100.0
SHP-1775eddb,Received,2025-10-09T18:46:37.485472,0
SHP-a65f95ba,PO Created,2025-09-29T18:46:37.485472,0
SHP-a65f95ba,In Transit,2025-09-30T18:46:37.485472,332907.08
SHP-a65f95ba,Received,2025-10-04T18:46:37.485472,0
SHP-4ca66ffb,PO Created,2025-12-28T18:46:37.485472,0
SHP-4ca66ffb,In Transit,2025-12-30T18:46:37.485472,11597.04
SHP-4ca66ffb,Received,2025-12-31T18:46:37.485472,0
SHP-d7779a81,PO Created,2025-07-01T18:46:37.485472,0
SHP-d7779a81,In Transit,2025-07-03T18:46:37.485472,146341.26
SHP-d7779a81,Received,2025-07-11T18:46:37.485472,0
SHP-7dac3c34,PO Created,2025-07-05T18:46:37.485472,0
SHP-7dac3c34,In Transit,2025-07-08T18:46:37.485472,603850.84
SHP-7dac3c34,Received,2025-07-16T18:46:37.485472,0
SHP-a7db147a,PO Created,2025-06-07T18:46:37.485472,0
SHP-a7db147a,In Transit,2025-06-10T18:46:37.485472,323333.91
SHP-a7db147a,Received,2025-06-18T18:46:37.485472,0
SHP-37600727,PO Created,2025-12-29T18:46:37.485472,0
SHP-37600727,In Transit,2025-12-31T18:46:37.485472,991955.54
SHP-37600727,Customs Hold,2026-01-04T18:46:37.485472,0
SHP-37600727,Received,2026-01-06T18:46:37.485472,0
SHP-43793a12,PO Created,2025-11-13T18:46:37.485472,0
SHP-43793a12,In Transit,2025-11-15T18:46:37.485472,546.77
SHP-43793a12,Received,2025-11-16T18:46:37.485472,0
SHP-a3919b8e,PO Created,2026-03-27T18:46:37.485472,0
SHP-a3919b8e,In Transit,2026-03-30T18:46:37.485472,294871.23
SHP-a3919b8e,Received,2026-04-07T18:46:37.485472,0
SHP-b9502068,PO Created,2025-12-17T18:46:37.485472,0
SHP-b9502068,In Transit,2025-12-18T18:46:37.485472,32068.95
SHP-b9502068,Received,2025-12-22T18:46:37.485472,0
SHP-e701b6f6,PO Created,2026-01-13T18:46:37.485472,0
SHP-e701b6f6,In Transit,2026-01-16T18:46:37.485472,376128.93
SHP-e701b6f6,Customs Hold,2026-01-20T18:46:37.485472,0
SHP-e701b6f6,Received,2026-01-22T18:46:37.485472,0
SHP-8cd1efb2,PO Created,2026-02-22T18:46:37.485472,0
SHP-8cd1efb2,In Transit,2026-02-24T18:46:37.485472,6267.62
SHP-8cd1efb2,Received,2026-02-25T18:46:37.485472,0
SHP-409c21fa,PO Created,2025-12-28T18:46:37.485472,0
SHP-409c21fa,In Transit,2025-12-31T18:46:37.485472,100059.66
SHP-409c21fa,Received,2026-01-04T18:46:37.485472,0
SHP-e486cc3e,PO Created,2025-12-13T18:46:37.485472,0
SHP-e486cc3e,Supplier Delay,2025-12-16T18:46:37.485472,0
SHP-e486cc3e,In Transit,2025-12-21T18:46:37.485472,1563.54
SHP-e486cc3e,Customs Hold,2025-12-22T18:46:37.485472,0
SHP-e486cc3e,Received,2025-12-26T18:46:37.485472,0
SHP-017ddc66,PO Created,2025-12-30T18:46:37.485472,0
SHP-017ddc66,Supplier Delay,2026-01-02T18:46:37.485472,0
SHP-017ddc66,In Transit,2026-01-12T18:46:37.485472,43191.94
SHP-017ddc66,Received,2026-01-14T18:46:37.485472,0
SHP-62f766cb,PO Created,2026-04-19T18:46:37.485472,0
SHP-62f766cb,In Transit,2026-04-20T18:46:37.485472,546375.8
SHP-62f766cb,Received,2026-04-28T18:46:37.485472,0
SHP-43fc0fd5,PO Created,2025-06-11T18:46:37.485472,0
SHP-43fc0fd5,In Transit,2025-06-12T18:46:37.485472,176650.52
SHP-43fc0fd5,Received,2025-06-16T18:46:37.485472,0
SHP-37382184,PO Created,2026-03-14T18:46:37.485472,0
SHP-37382184,Supplier Delay,2026-03-16T18:46:37.485472,0
SHP-37382184,In Transit,2026-03-18T18:46:37.485472,19084.68
SHP-37382184,Received,2026-03-19T18:46:37.485472,0
SHP-f9562bec,PO Created,2025-12-19T18:46:37.485472,0
SHP-f9562bec,In Transit,2025-12-20T18:46:37.485472,621282.79
SHP-f9562bec,Received,2025-12-27T18:46:37.485472,0
SHP-99498189,PO Created,2026-04-13T18:46:37.485472,0
SHP-99498189,In Transit,2026-04-15T18:46:37.485472,233756.18
SHP-99498189,Received,2026-04-19T18:46:37.485472,0
SHP-76797d4b,PO Created,2026-02-17T18:46:37.485472,0
SHP-76797d4b,Supplier Delay,2026-02-19T18:46:37.485472,0
SHP-76797d4b,In Transit,2026-02-24T18:46:37.485472,7789.92
SHP-76797d4b,Received,2026-02-25T18:46:37.485472,0
SHP-67cc9048,PO Created,2025-08-17T18:46:37.485472,0
SHP-67cc9048,Supplier Delay,2025-08-18T18:46:37.485472,0
SHP-67cc9048,In Transit,2025-08-20T18:46:37.485472,31101680.93
SHP-67cc9048,Received,2025-08-21T18:46:37.485472,0
SHP-fb3f0e44,PO Created,2026-04-21T18:46:37.485472,0
SHP-fb3f0e44,Supplier Delay,2026-04-24T18:46:37.485472,0
SHP-fb3f0e44,In Transit,2026-04-29T18:46:37.485472,684795.92
SHP-fb3f0e44,Received,2026-05-07T18:46:37.485472,0
SHP-2117b07c,PO Created,2026-01-20T18:46:37.485472,0
SHP-2117b07c,In Transit,2026-01-21T18:46:37.485472,844765.24
SHP-2117b07c,Received,2026-02-01T18:46:37.485472,0
SHP-d9191919,PO Created,2025-12-03T18:46:37.485472,0
SHP-d9191919,In Transit,2025-12-04T18:46:37.485472,14978.88
SHP-d9191919,Received,2025-12-05T18:46:37.485472,0
SHP-9efaef29,PO Created,2025-11-22T18:46:37.485472,0
SHP-9efaef29,In Transit,2025-11-25T18:46:37.485472,3146438.41
SHP-9efaef29,Received,2025-12-02T18:46:37.485472,0
SHP-7d9dc882,PO Created,2026-03-27T18:46:37.485472,0
SHP-7d9dc882,In Transit,2026-03-30T18:46:37.485472,93829.77
SHP-7d9dc882,Received,2026-04-03T18:46:37.485472,0
SHP-f65d7e22,PO Created,2025-12-30T18:46:37.485472,0
SHP-f65d7e22,In Transit,2026-01-01T18:46:37.485472,522358.17
SHP-f65d7e22,Customs Hold,2026-01-06T18:46:37.485472,0
SHP-f65d7e22,Received,2026-01-10T18:46:37.485472,0
SHP-a36fa07f,PO Created,2025-11-14T18:46:37.485472,0
SHP-a36fa07f,In Transit,2025-11-16T18:46:37.485472,9151.21
SHP-a36fa07f,Customs Hold,2025-11-17T18:46:37.485472,0
SHP-a36fa07f,Received,2025-11-19T18:46:37.485472,0
SHP-248b85ad,PO Created,2025-08-28T18:46:37.485472,0
SHP-248b85ad,In Transit,2025-08-30T18:46:37.485472,60501.73
SHP-248b85ad,Customs Hold,2025-09-03T18:46:37.485472,0
SHP-248b85ad,Received,2025-09-07T18:46:37.485472,0
SHP-3e4dcd01,PO Created,2025-09-05T18:46:37.485472,0
SHP-3e4dcd01,In Transit,2025-09-06T18:46:37.485472,51207.58
SHP-3e4dcd01,Received,2025-09-10T18:46:37.485472,0
SHP-50ad82b1,PO Created,2025-11-08T18:46:37.485472,0
SHP-50ad82b1,Supplier Delay,2025-11-11T18:46:37.485472,0
SHP-50ad82b1,In Transit,2025-11-13T18:46:37.485472,531602.54
SHP-50ad82b1,Received,2025-11-24T18:46:37.485472,0
SHP-881c3e1e,PO Created,2025-09-30T18:46:37.485472,0
SHP-881c3e1e,Supplier Delay,2025-10-01T18:46:37.485472,0
SHP-881c3e1e,In Transit,2025-10-03T18:46:37.485472,14229267.65
SHP-881c3e1e,Received,2025-10-04T18:46:37.485472,0
SHP-3bb2f179,PO Created,2025-10-09T18:46:37.485472,0
SHP-3bb2f179,In Transit,2025-10-11T18:46:37.485472,177204.0
SHP-3bb2f179,Received,2025-10-18T18:46:37.485472,0
SHP-bde6c12f,PO Created,2026-02-25T18:46:37.485472,0
SHP-bde6c12f,Supplier Delay,2026-02-28T18:46:37.485472,0
SHP-bde6c12f,In Transit,2026-03-10T18:46:37.485472,1993668.01
SHP-bde6c12f,Customs Hold,2026-03-18T18:46:37.485472,0
SHP-bde6c12f,Received,2026-03-20T18:46:37.485472,0
SHP-363a14d0,PO Created,2026-04-30T18:46:37.485472,0
SHP-363a14d0,In Transit,2026-05-03T18:46:37.485472,578944.79
SHP-363a14d0,Received,2026-05-11T18:46:37.485472,0
SHP-f6acc29d,PO Created,2025-07-01T18:46:37.485472,0
SHP-f6acc29d,In Transit,2025-07-04T18:46:37.485472,4861265.65
SHP-f6acc29d,Received,2025-07-05T18:46:37.485472,0
SHP-aa780f22,PO Created,2026-01-24T18:46:37.485472,0
SHP-aa780f22,Supplier Delay,2026-01-25T18:46:37.485472,0
SHP-aa780f22,In Transit,2026-02-04T18:46:37.485472,146953.35
SHP-aa780f22,Received,2026-02-08T18:46:37.485472,0
SHP-16a1d192,PO Created,2026-02-10T18:46:37.485472,0
SHP-16a1d192,In Transit,2026-02-11T18:46:37.485472,274690.3
SHP-16a1d192,Received,2026-02-15T18:46:37.485472,0
SHP-87c98fd0,PO Created,2026-04-05T18:46:37.485472,0
SHP-87c98fd0,In Transit,2026-04-07T18:46:37.485472,14147288.33
SHP-87c98fd0,Received,2026-04-08T18:46:37.485472,0
SHP-b76d16c3,PO Created,2026-03-22T18:46:37.485472,0
SHP-b76d16c3,In Transit,2026-03-24T18:46:37.485472,8783.77
SHP-b76d16c3,Customs Hold,2026-03-25T18:46:37.485472,0
SHP-b76d16c3,Received,2026-03-26T18:46:37.485472,0
SHP-b8d949b4,PO Created,2025-09-15T18:46:37.485472,0
SHP-b8d949b4,Supplier Delay,2025-09-16T18:46:37.485472,0
SHP-b8d949b4,In Transit,2025-09-21T18:46:37.485472,124502.99
SHP-b8d949b4,Received,2025-09-29T18:46:37.485472,0
SHP-b2de054b,PO Created,2026-01-18T18:46:37.485472,0
SHP-b2de054b,In Transit,2026-01-19T18:46:37.485472,2522.88
SHP-b2de054b,Received,2026-01-20T18:46:37.485472,0
SHP-50040564,PO Created,2025-06-27T18:46:37.485472,0
SHP-50040564,In Transit,2025-06-30T18:46:37.485472,5018553.32
SHP-50040564,Received,2025-07-11T18:46:37.485472,0
SHP-57d82d49,PO Created,2025-08-17T18:46:37.485472,0
SHP-57d82d49,In Transit,2025-08-18T18:46:37.485472,714668.6
SHP-57d82d49,Customs Hold,2025-08-29T18:46:37.485472,0
SHP-57d82d49,Received,2025-09-01T18:46:37.485472,0
SHP-f6bbdcf8,PO Created,2025-10-13T18:46:37.485472,0
SHP-f6bbdcf8,In Transit,2025-10-15T18:46:37.485472,513027.15
SHP-f6bbdcf8,Customs Hold,2025-10-26T18:46:37.485472,0
SHP-f6bbdcf8,Received,2025-10-28T18:46:37.485472,0
SHP-4b8cda53,PO Created,2025-09-16T18:46:37.485472,0
SHP-4b8cda53,Supplier Delay,2025-09-19T18:46:37.485472,0
SHP-4b8cda53,In Transit,2025-09-21T18:46:37.485472,3065.58
SHP-4b8cda53,Customs Hold,2025-09-22T18:46:37.485472,0
SHP-4b8cda53,Received,2025-09-24T18:46:37.485472,0
SHP-1f6fb914,PO Created,2025-07-13T18:46:37.485472,0
SHP-1f6fb914,In Transit,2025-07-16T18:46:37.485472,214129.38
SHP-1f6fb914,Customs Hold,2025-07-23T18:46:37.485472,0
SHP-1f6fb914,Received,2025-07-27T18:46:37.485472,0
SHP-2c84fa63,PO Created,2025-10-19T18:46:37.485472,0
SHP-2c84fa63,Supplier Delay,2025-10-20T18:46:37.485472,0
SHP-2c84fa63,In Transit,2025-10-25T18:46:37.485472,3150.56
SHP-2c84fa63,Received,2025-10-26T18:46:37.485472,0
SHP-1c12d26f,PO Created,2025-06-24T18:46:37.485472,0
SHP-1c12d26f,Supplier Delay,2025-06-25T18:46:37.485472,0
SHP-1c12d26f,In Transit,2025-06-30T18:46:37.485472,278651.5
SHP-1c12d26f,Received,2025-07-01T18:46:37.485472,0
SHP-47f48931,PO Created,2026-01-30T18:46:37.485472,0
SHP-47f48931,In Transit,2026-02-02T18:46:37.485472,624899.81
SHP-47f48931,Received,2026-02-09T18:46:37.485472,0
SHP-c801d3f1,PO Created,2025-07-17T18:46:37.485472,0
SHP-c801d3f1,Supplier Delay,2025-07-20T18:46:37.485472,0
SHP-c801d3f1,In Transit,2025-07-22T18:46:37.485472,357540.8
SHP-c801d3f1,Received,2025-07-30T18:46:37.485472,0
SHP-765055ca,PO Created,2026-03-09T18:46:37.485472,0
SHP-765055ca,In Transit,2026-03-11T18:46:37.485472,501759.97
SHP-765055ca,Received,2026-03-21T18:46:37.485472,0
SHP-790b8409,PO Created,2025-12-09T18:46:37.485472,0
SHP-790b8409,In Transit,2025-12-10T18:46:37.485472,115190.53
SHP-790b8409,Customs Hold,2025-12-21T18:46:37.485472,0
SHP-790b8409,Received,2025-12-23T18:46:37.485472,0
SHP-8f890f46,PO Created,2025-09-27T18:46:37.485472,0
SHP-8f890f46,In Transit,2025-09-29T18:46:37.485472,2200912.85
SHP-8f890f46,Received,2025-10-03T18:46:37.485472,0
SHP-ef68ce92,PO Created,2026-02-10T18:46:37.485472,0
SHP-ef68ce92,In Transit,2026-02-11T18:46:37.485472,16984737.22
SHP-ef68ce92,Received,2026-02-12T18:46:37.485472,0
SHP-e3ba56c6,PO Created,2026-01-21T18:46:37.485472,0
SHP-e3ba56c6,In Transit,2026-01-23T18:46:37.485472,423648.76
SHP-e3ba56c6,Received,2026-02-03T18:46:37.485472,0
SHP-56fd3da5,PO Created,2025-07-23T18:46:37.485472,0
SHP-56fd3da5,In Transit,2025-07-25T18:46:37.485472,49777.84
SHP-56fd3da5,Received,2025-07-30T18:46:37.485472,0
SHP-c4a051cf,PO Created,2025-06-05T18:46:37.485472,0
SHP-c4a051cf,In Transit,2025-06-07T18:46:37.485472,395506.51
SHP-c4a051cf,Received,2025-06-14T18:46:37.485472,0
SHP-d76b245c,PO Created,2025-11-02T18:46:37.485472,0
SHP-d76b245c,In Transit,2025-11-04T18:46:37.485472,492855.08
SHP-d76b245c,Received,2025-11-12T18:46:37.485472,0
SHP-4891817b,PO Created,2026-04-24T18:46:37.485472,0
SHP-4891817b,In Transit,2026-04-27T18:46:37.485472,884.06
SHP-4891817b,Received,2026-04-28T18:46:37.485472,0
SHP-03a69d7e,PO Created,2026-03-04T18:46:37.485472,0
SHP-03a69d7e,Supplier Delay,2026-03-07T18:46:37.485472,0
SHP-03a69d7e,In Transit,2026-03-12T18:46:37.485472,161823.08
SHP-03a69d7e,Received,2026-03-17T18:46:37.485472,0
SHP-e0679232,PO Created,2025-08-04T18:46:37.485472,0
SHP-e0679232,In Transit,2025-08-05T18:46:37.485472,370031.86
SHP-e0679232,Received,2025-08-12T18:46:37.485472,0
SHP-a0d9b9d3,PO Created,2026-04-07T18:46:37.485472,0
SHP-a0d9b9d3,In Transit,2026-04-10T18:46:37.485472,3141.32
SHP-a0d9b9d3,Received,2026-04-11T18:46:37.485472,0
SHP-c23fe012,PO Created,2025-08-31T18:46:37.485472,0
SHP-c23fe012,In Transit,2025-09-03T18:46:37.485472,46098.32
SHP-c23fe012,Received,2025-09-04T18:46:37.485472,0
SHP-d3ad823f,PO Created,2025-08-01T18:46:37.485472,0
SHP-d3ad823f,Supplier Delay,2025-08-04T18:46:37.485472,0
SHP-d3ad823f,In Transit,2025-08-06T18:46:37.485472,73895.88
SHP-d3ad823f,Customs Hold,2025-08-08T18:46:37.485472,0
SHP-d3ad823f,Received,2025-08-11T18:46:37.485472,0
SHP-0386d084,PO Created,2025-06-30T18:46:37.485472,0
SHP-0386d084,Supplier Delay,2025-07-03T18:46:37.485472,0
SHP-0386d084,In Transit,2025-07-05T18:46:37.485472,154696.73
SHP-0386d084,Received,2025-07-10T18:46:37.485472,0
SHP-47054926,PO Created,2025-10-08T18:46:37.485472,0
SHP-47054926,In Transit,2025-10-11T18:46:37.485472,190651.11
SHP-47054926,Received,2025-10-16T18:46:37.485472,0
SHP-879fd021,PO Created,2025-07-27T18:46:37.485472,0
SHP-879fd021,Supplier Delay,2025-07-30T18:46:37.485472,0
SHP-879fd021,In Transit,2025-08-04T18:46:37.485472,331130.87
SHP-879fd021,Received,2025-08-09T18:46:37.485472,0
SHP-bdd80a48,PO Created,2025-07-25T18:46:37.485472,0
SHP-bdd80a48,In Transit,2025-07-28T18:46:37.485472,1072517.45
SHP-bdd80a48,Received,2025-08-04T18:46:37.485472,0
SHP-431c6f6c,PO Created,2026-01-27T18:46:37.485472,0
SHP-431c6f6c,Supplier Delay,2026-01-30T18:46:37.485472,0
SHP-431c6f6c,In Transit,2026-02-01T18:46:37.485472,146203.09
SHP-431c6f6c,Received,2026-02-06T18:46:37.485472,0
SHP-e2fb8b35,PO Created,2026-03-12T18:46:37.485472,0
SHP-e2fb8b35,In Transit,2026-03-13T18:46:37.485472,80134.79
SHP-e2fb8b35,Customs Hold,2026-03-18T18:46:37.485472,0
SHP-e2fb8b35,Received,2026-03-20T18:46:37.485472,0
SHP-d7493f68,PO Created,2026-02-15T18:46:37.485472,0
SHP-d7493f68,In Transit,2026-02-16T18:46:37.485472,106573.12
SHP-d7493f68,Received,2026-02-21T18:46:37.485472,0
SHP-bfa93f32,PO Created,2025-07-12T18:46:37.485472,0
SHP-bfa93f32,Supplier Delay,2025-07-14T18:46:37.485472,0
SHP-bfa93f32,In Transit,2025-07-19T18:46:37.485472,204194.09
SHP-bfa93f32,Received,2025-07-24T18:46:37.485472,0
SHP-15d87a20,PO Created,2025-07-19T18:46:37.485472,0
SHP-15d87a20,In Transit,2025-07-21T18:46:37.485472,186289.81
SHP-15d87a20,Received,2025-07-26T18:46:37.485472,0
SHP-e02e7098,PO Created,2026-03-01T18:46:37.485472,0
SHP-e02e7098,Supplier Delay,2026-03-04T18:46:37.485472,0
SHP-e02e7098,In Transit,2026-03-09T18:46:37.485472,255575.52
SHP-e02e7098,Received,2026-03-20T18:46:37.485472,0
SHP-f218c87d,PO Created,2025-08-18T18:46:37.485472,0
SHP-f218c87d,In Transit,2025-08-20T18:46:37.485472,1162.8
SHP-f218c87d,Received,2025-08-21T18:46:37.485472,0
SHP-29da4f1a,PO Created,2025-07-28T18:46:37.485472,0
SHP-29da4f1a,In Transit,2025-07-29T18:46:37.485472,1700.97
SHP-29da4f1a,Customs Hold,2025-07-30T18:46:37.485472,0
SHP-29da4f1a,Received,2025-08-01T18:46:37.485472,0
SHP-2abfa2a6,PO Created,2026-02-05T18:46:37.485472,0
SHP-2abfa2a6,In Transit,2026-02-08T18:46:37.485472,271527.82
SHP-2abfa2a6,Received,2026-02-15T18:46:37.485472,0
SHP-47703d34,PO Created,2026-04-13T18:46:37.485472,0
SHP-47703d34,In Transit,2026-04-16T18:46:37.485472,1025435.23
SHP-47703d34,Received,2026-04-24T18:46:37.485472,0
SHP-eb269838,PO Created,2026-01-30T18:46:37.485472,0
SHP-eb269838,In Transit,2026-01-31T18:46:37.485472,61971.82
SHP-eb269838,Customs Hold,2026-02-01T18:46:37.485472,0
SHP-eb269838,Received,2026-02-02T18:46:37.485472,0
SHP-acfad876,PO Created,2026-05-04T18:46:37.485472,0
SHP-acfad876,In Transit,2026-05-05T18:46:37.485472,327624.61
SHP-acfad876,Received,2026-05-13T18:46:37.485472,0
SHP-148b1d82,PO Created,2025-12-25T18:46:37.485472,0
SHP-148b1d82,Supplier Delay,2025-12-27T18:46:37.485472,0
SHP-148b1d82,In Transit,2026-01-01T18:46:37.485472,16505.52
SHP-148b1d82,Received,2026-01-02T18:46:37.485472,0
SHP-3c46e00e,PO Created,2026-05-06T18:46:37.485472,0
SHP-3c46e00e,In Transit,2026-05-09T18:46:37.485472,316275.24
SHP-3c46e00e,Received,2026-05-19T18:46:37.485472,0
SHP-6ed2f0da,PO Created,2026-02-16T18:46:37.485472,0
SHP-6ed2f0da,In Transit,2026-02-17T18:46:37.485472,61564.41
SHP-6ed2f0da,Received,2026-02-19T18:46:37.485472,0
SHP-e3662fea,PO Created,2025-12-31T18:46:37.485472,0
SHP-e3662fea,Supplier Delay,2026-01-02T18:46:37.485472,0
SHP-e3662fea,In Transit,2026-01-04T18:46:37.485472,152239.7
SHP-e3662fea,Customs Hold,2026-01-09T18:46:37.485472,0
SHP-e3662fea,Received,2026-01-13T18:46:37.485472,0
SHP-57a6e15f,PO Created,2025-10-04T18:46:37.485472,0
SHP-57a6e15f,In Transit,2025-10-05T18:46:37.485472,3035.52
SHP-57a6e15f,Received,2025-10-06T18:46:37.485472,0
SHP-f1dfb5a0,PO Created,2026-01-15T18:46:37.485472,0
SHP-f1dfb5a0,In Transit,2026-01-18T18:46:37.485472,409262.1
SHP-f1dfb5a0,Received,2026-01-25T18:46:37.485472,0
SHP-038b0098,PO Created,2026-03-03T18:46:37.485472,0
SHP-038b0098,Supplier Delay,2026-03-04T18:46:37.485472,0
SHP-038b0098,In Transit,2026-03-06T18:46:37.485472,372498.06
SHP-038b0098,Received,2026-03-14T18:46:37.485472,0
SHP-4fad67af,PO Created,2025-09-21T18:46:37.485472,0
SHP-4fad67af,In Transit,2025-09-24T18:46:37.485472,4604842.03
SHP-4fad67af,Customs Hold,2025-10-05T18:46:37.485472,0
SHP-4fad67af,Received,2025-10-09T18:46:37.485472,0
SHP-2f34d802,PO Created,2025-06-10T18:46:37.485472,0
SHP-2f34d802,In Transit,2025-06-12T18:46:37.485472,4602.67
SHP-2f34d802,Received,2025-06-13T18:46:37.485472,0
SHP-e6ebd4b2,PO Created,2026-04-21T18:46:37.485472,0
SHP-e6ebd4b2,In Transit,2026-04-23T18:46:37.485472,160427.94
SHP-e6ebd4b2,Received,2026-04-27T18:46:37.485472,0
SHP-cd36975e,PO Created,2025-11-21T18:46:37.485472,0
SHP-cd36975e,In Transit,2025-11-22T18:46:37.485472,37332.39
SHP-cd36975e,Customs Hold,2025-11-23T18:46:37.485472,0
SHP-cd36975e,Received,2025-11-25T18:46:37.485472,0
SHP-bcf1b864,PO Created,2026-03-01T18:46:37.485472,0
SHP-bcf1b864,Supplier Delay,2026-03-02T18:46:37.485472,0
SHP-bcf1b864,In Transit,2026-03-04T18:46:37.485472,138523.66
SHP-bcf1b864,Received,2026-03-08T18:46:37.485472,0
SHP-3b8b492e,PO Created,2025-11-24T18:46:37.485472,0
SHP-3b8b492e,In Transit,2025-11-27T18:46:37.485472,66774.63
SHP-3b8b492e,Customs Hold,2025-11-29T18:46:37.485472,0
SHP-3b8b492e,Received,2025-11-30T18:46:37.485472,0
SHP-ee99cbb3,PO Created,2025-09-12T18:46:37.485472,0
SHP-ee99cbb3,In Transit,2025-09-15T18:46:37.485472,261482.05
SHP-ee99cbb3,Received,2025-09-22T18:46:37.485472,0
SHP-c60e679c,PO Created,2025-07-25T18:46:37.485472,0
SHP-c60e679c,Supplier Delay,2025-07-26T18:46:37.485472,0
SHP-c60e679c,In Transit,2025-07-28T18:46:37.485472,121779.11
SHP-c60e679c,Received,2025-08-02T18:46:37.485472,0
SHP-e382e2c4,PO Created,2025-10-06T18:46:37.485472,0
SHP-e382e2c4,In Transit,2025-10-07T18:46:37.485472,3669.38
SHP-e382e2c4,Received,2025-10-08T18:46:37.485472,0
SHP-fd660b8e,PO Created,2025-10-29T18:46:37.485472,0
SHP-fd660b8e,Supplier Delay,2025-10-31T18:46:37.485472,0
SHP-fd660b8e,In Transit,2025-11-05T18:46:37.485472,369894.4
SHP-fd660b8e,Received,2025-11-09T18:46:37.485472,0
SHP-73280eaf,PO Created,2025-07-05T18:46:37.485472,0
SHP-73280eaf,Supplier Delay,2025-07-06T18:46:37.485472,0
SHP-73280eaf,In Transit,2025-07-08T18:46:37.485472,3377.64
SHP-73280eaf,Customs Hold,2025-07-09T18:46:37.485472,0
SHP-73280eaf,Received,2025-07-10T18:46:37.485472,0
SHP-13005149,PO Created,2025-09-02T18:46:37.485472,0
SHP-13005149,In Transit,2025-09-03T18:46:37.485472,275935.36
SHP-13005149,Received,2025-09-08T18:46:37.485472,0
SHP-38daea42,PO Created,2026-02-05T18:46:37.486980,0
SHP-38daea42,In Transit,2026-02-07T18:46:37.486980,269786.7
SHP-38daea42,Received,2026-02-17T18:46:37.486980,0
SHP-888e428a,PO Created,2025-11-18T18:46:37.486980,0
SHP-888e428a,In Transit,2025-11-19T18:46:37.486980,509374.55
SHP-888e428a,Received,2025-11-29T18:46:37.486980,0
SHP-37db3490,PO Created,2025-09-29T18:46:37.486980,0
SHP-37db3490,Supplier Delay,2025-10-01T18:46:37.486980,0
SHP-37db3490,In Transit,2025-10-11T18:46:37.486980,304090.46
SHP-37db3490,Received,2025-10-12T18:46:37.486980,0
SHP-bd794b5b,PO Created,2025-06-16T18:46:37.486980,0
SHP-bd794b5b,Supplier Delay,2025-06-18T18:46:37.486980,0
SHP-bd794b5b,In Transit,2025-06-20T18:46:37.486980,3941.11
SHP-bd794b5b,Received,2025-06-21T18:46:37.486980,0
SHP-4e4ccc2a,PO Created,2026-03-13T18:46:37.486980,0
SHP-4e4ccc2a,In Transit,2026-03-15T18:46:37.486980,194671.02
SHP-4e4ccc2a,Received,2026-03-20T18:46:37.486980,0
SHP-8316f1b2,PO Created,2026-01-15T18:46:37.486980,0
SHP-8316f1b2,In Transit,2026-01-17T18:46:37.486980,5297336.02
SHP-8316f1b2,Customs Hold,2026-01-18T18:46:37.486980,0
SHP-8316f1b2,Received,2026-01-19T18:46:37.486980,0
SHP-c17d853e,PO Created,2025-06-18T18:46:37.486980,0
SHP-c17d853e,Supplier Delay,2025-06-20T18:46:37.486980,0
SHP-c17d853e,In Transit,2025-06-22T18:46:37.486980,55536.89
SHP-c17d853e,Received,2025-06-27T18:46:37.486980,0
SHP-8ddd55cd,PO Created,2025-10-23T18:46:37.486980,0
SHP-8ddd55cd,Supplier Delay,2025-10-26T18:46:37.486980,0
SHP-8ddd55cd,In Transit,2025-10-28T18:46:37.486980,264033.05
SHP-8ddd55cd,Received,2025-11-04T18:46:37.486980,0
SHP-f64f7e80,PO Created,2026-02-10T18:46:37.486980,0
SHP-f64f7e80,Supplier Delay,2026-02-13T18:46:37.486980,0
SHP-f64f7e80,In Transit,2026-02-18T18:46:37.486980,467772.65
SHP-f64f7e80,Received,2026-02-26T18:46:37.486980,0
SHP-fea39efc,PO Created,2025-07-06T18:46:37.486980,0
SHP-fea39efc,In Transit,2025-07-08T18:46:37.486980,187387.97
SHP-fea39efc,Customs Hold,2025-07-19T18:46:37.486980,0
SHP-fea39efc,Received,2025-07-20T18:46:37.486980,0
SHP-6e85080c,PO Created,2026-04-14T18:46:37.486980,0
SHP-6e85080c,Supplier Delay,2026-04-16T18:46:37.486980,0
SHP-6e85080c,In Transit,2026-04-18T18:46:37.486980,562802.75
SHP-6e85080c,Received,2026-04-26T18:46:37.486980,0
SHP-fc5ebb0a,PO Created,2025-07-04T18:46:37.486980,0
SHP-fc5ebb0a,Supplier Delay,2025-07-05T18:46:37.486980,0
SHP-fc5ebb0a,In Transit,2025-07-07T18:46:37.486980,572866.98
SHP-fc5ebb0a,Received,2025-07-17T18:46:37.486980,0
SHP-fe4f34e0,PO Created,2025-09-20T18:46:37.486980,0
SHP-fe4f34e0,Supplier Delay,2025-09-21T18:46:37.486980,0
SHP-fe4f34e0,In Transit,2025-10-01T18:46:37.486980,1760667.67
SHP-fe4f34e0,Received,2025-10-02T18:46:37.486980,0
SHP-9278e7aa,PO Created,2025-08-05T18:46:37.486980,0
SHP-9278e7aa,In Transit,2025-08-06T18:46:37.486980,74276.22
SHP-9278e7aa,Received,2025-08-10T18:46:37.486980,0
SHP-00e2cb22,PO Created,2025-11-04T18:46:37.486980,0
SHP-00e2cb22,In Transit,2025-11-07T18:46:37.486980,2417560.44
SHP-00e2cb22,Received,2025-11-11T18:46:37.486980,0
SHP-ed583053,PO Created,2025-11-07T18:46:37.486980,0
SHP-ed583053,Supplier Delay,2025-11-08T18:46:37.486980,0
SHP-ed583053,In Transit,2025-11-10T18:46:37.486980,24673452.22
SHP-ed583053,Received,2025-11-11T18:46:37.486980,0
SHP-130115ae,PO Created,2025-07-10T18:46:37.486980,0
SHP-130115ae,In Transit,2025-07-13T18:46:37.486980,279650.68
SHP-130115ae,Received,2025-07-15T18:46:37.486980,0
SHP-b5c289db,PO Created,2025-10-05T18:46:37.486980,0
SHP-b5c289db,In Transit,2025-10-07T18:46:37.486980,1543.36
SHP-b5c289db,Received,2025-10-08T18:46:37.486980,0
SHP-7cd1e71d,PO Created,2025-07-24T18:46:37.486980,0
SHP-7cd1e71d,Supplier Delay,2025-07-27T18:46:37.486980,0
SHP-7cd1e71d,In Transit,2025-08-06T18:46:37.486980,173318.34
SHP-7cd1e71d,Received,2025-08-11T18:46:37.486980,0
SHP-166701e0,PO Created,2025-10-15T18:46:37.486980,0
SHP-166701e0,In Transit,2025-10-16T18:46:37.486980,146599.34
SHP-166701e0,Received,2025-10-27T18:46:37.486980,0
SHP-419d8b16,PO Created,2025-10-13T18:46:37.486980,0
SHP-419d8b16,In Transit,2025-10-14T18:46:37.486980,79098.22
SHP-419d8b16,Customs Hold,2025-10-18T18:46:37.486980,0
SHP-419d8b16,Received,2025-10-20T18:46:37.486980,0
SHP-8ffb89ff,PO Created,2025-07-13T18:46:37.486980,0
SHP-8ffb89ff,Supplier Delay,2025-07-15T18:46:37.486980,0
SHP-8ffb89ff,In Transit,2025-07-25T18:46:37.486980,23390.64
SHP-8ffb89ff,Received,2025-07-26T18:46:37.486980,0
SHP-cfc6bdfe,PO Created,2025-11-13T18:46:37.486980,0
SHP-cfc6bdfe,Supplier Delay,2025-11-15T18:46:37.486980,0
SHP-cfc6bdfe,In Transit,2025-11-17T18:46:37.486980,104463.92
SHP-cfc6bdfe,Received,2025-11-27T18:46:37.486980,0
SHP-6ee7db8c,PO Created,2025-12-30T18:46:37.486980,0
SHP-6ee7db8c,In Transit,2026-01-01T18:46:37.486980,2276904.4
SHP-6ee7db8c,Received,2026-01-05T18:46:37.486980,0
SHP-0829e335,PO Created,2025-11-03T18:46:37.486980,0
SHP-0829e335,In Transit,2025-11-04T18:46:37.486980,4301041.99
SHP-0829e335,Customs Hold,2025-11-15T18:46:37.486980,0
SHP-0829e335,Received,2025-11-19T18:46:37.486980,0
SHP-8ba4db51,PO Created,2025-11-17T18:46:37.486980,0
SHP-8ba4db51,Supplier Delay,2025-11-20T18:46:37.486980,0
SHP-8ba4db51,In Transit,2025-11-22T18:46:37.486980,70752.24
SHP-8ba4db51,Received,2025-11-26T18:46:37.486980,0
SHP-afc8055f,PO Created,2026-02-18T18:46:37.486980,0
SHP-afc8055f,In Transit,2026-02-20T18:46:37.486980,60903.64
SHP-afc8055f,Received,2026-02-22T18:46:37.486980,0
SHP-143e836e,PO Created,2026-01-27T18:46:37.486980,0
SHP-143e836e,Supplier Delay,2026-01-28T18:46:37.486980,0
SHP-143e836e,In Transit,2026-02-02T18:46:37.486980,352171.94
SHP-143e836e,Received,2026-02-09T18:46:37.486980,0
SHP-4c38ea50,PO Created,2025-12-16T18:46:37.486980,0
SHP-4c38ea50,In Transit,2025-12-18T18:46:37.486980,343183.61
SHP-4c38ea50,Received,2025-12-25T18:46:37.486980,0
SHP-8666f33f,PO Created,2026-03-29T18:46:37.486980,0
SHP-8666f33f,In Transit,2026-03-31T18:46:37.486980,170911.07
SHP-8666f33f,Received,2026-04-05T18:46:37.486980,0
SHP-74105af9,PO Created,2026-03-23T18:46:37.486980,0
SHP-74105af9,In Transit,2026-03-25T18:46:37.486980,9319433.82
SHP-74105af9,Received,2026-03-26T18:46:37.486980,0
SHP-15840886,PO Created,2025-07-04T18:46:37.486980,0
SHP-15840886,Supplier Delay,2025-07-05T18:46:37.486980,0
SHP-15840886,In Transit,2025-07-10T18:46:37.486980,353591.65
SHP-15840886,Received,2025-07-11T18:46:37.486980,0
SHP-049e841b,PO Created,2026-02-27T18:46:37.486980,0
SHP-049e841b,In Transit,2026-03-02T18:46:37.486980,264344.07
SHP-049e841b,Received,2026-03-07T18:46:37.486980,0
SHP-b17189bf,PO Created,2025-10-27T18:46:37.486980,0
SHP-b17189bf,In Transit,2025-10-29T18:46:37.486980,3857954.53
SHP-b17189bf,Received,2025-11-05T18:46:37.486980,0
SHP-2b614850,PO Created,2026-04-14T18:46:37.487462,0
SHP-2b614850,In Transit,2026-04-17T18:46:37.487462,7211.66
SHP-2b614850,Received,2026-04-18T18:46:37.487462,0
SHP-09632639,PO Created,2025-10-04T18:46:37.487462,0
SHP-09632639,In Transit,2025-10-05T18:46:37.487462,200070.94
SHP-09632639,Received,2025-10-16T18:46:37.487462,0
SHP-de3767a3,PO Created,2026-03-02T18:46:37.487462,0
SHP-de3767a3,In Transit,2026-03-03T18:46:37.487462,4582754.54
SHP-de3767a3,Received,2026-03-13T18:46:37.487462,0
SHP-003a56c7,PO Created,2026-01-16T18:46:37.487462,0
SHP-003a56c7,In Transit,2026-01-17T18:46:37.487462,13786.66
SHP-003a56c7,Received,2026-01-18T18:46:37.487462,0
SHP-d41c46aa,PO Created,2026-02-28T18:46:37.487462,0
SHP-d41c46aa,In Transit,2026-03-01T18:46:37.487462,216327.47
SHP-d41c46aa,Received,2026-03-05T18:46:37.487462,0
SHP-009886f8,PO Created,2025-11-24T18:46:37.487462,0
SHP-009886f8,In Transit,2025-11-25T18:46:37.487462,303177.09
SHP-009886f8,Received,2025-11-30T18:46:37.487462,0
SHP-f5926d69,PO Created,2026-02-25T18:46:37.487462,0
SHP-f5926d69,In Transit,2026-02-28T18:46:37.487462,4576.07
SHP-f5926d69,Customs Hold,2026-03-01T18:46:37.487462,0
SHP-f5926d69,Received,2026-03-03T18:46:37.487462,0
SHP-2de166f2,PO Created,2026-04-22T18:46:37.487462,0
SHP-2de166f2,In Transit,2026-04-24T18:46:37.487462,175350.11
SHP-2de166f2,Received,2026-05-01T18:46:37.487462,0
SHP-e2f76389,PO Created,2025-12-01T18:46:37.487462,0
SHP-e2f76389,In Transit,2025-12-03T18:46:37.487462,143027.93
SHP-e2f76389,Customs Hold,2025-12-13T18:46:37.487462,0
SHP-e2f76389,Received,2025-12-14T18:46:37.487462,0
SHP-34d24bca,PO Created,2026-02-12T18:46:37.487462,0
SHP-34d24bca,In Transit,2026-02-15T18:46:37.487462,1723060.82
SHP-34d24bca,Received,2026-02-22T18:46:37.487462,0
SHP-77d70bcf,PO Created,2025-08-18T18:46:37.487462,0
SHP-77d70bcf,In Transit,2025-08-21T18:46:37.487462,83996.24
SHP-77d70bcf,Received,2025-08-25T18:46:37.487462,0
SHP-cfa7887c,PO Created,2025-08-18T18:46:37.487462,0
SHP-cfa7887c,In Transit,2025-08-20T18:46:37.487462,8664.23
SHP-cfa7887c,Received,2025-08-21T18:46:37.487462,0
SHP-66124e23,PO Created,2026-05-05T18:46:37.487462,0
SHP-66124e23,In Transit,2026-05-06T18:46:37.487462,244426.15
SHP-66124e23,Received,2026-05-10T18:46:37.487462,0
SHP-7812bf7b,PO Created,2026-03-07T18:46:37.487462,0
SHP-7812bf7b,Supplier Delay,2026-03-09T18:46:37.487462,0
SHP-7812bf7b,In Transit,2026-03-19T18:46:37.487462,613138.35
SHP-7812bf7b,Received,2026-03-30T18:46:37.487462,0
SHP-d33ad775,PO Created,2026-04-10T18:46:37.487462,0
SHP-d33ad775,Supplier Delay,2026-04-11T18:46:37.487462,0
SHP-d33ad775,In Transit,2026-04-13T18:46:37.487462,103649.97
SHP-d33ad775,Received,2026-04-18T18:46:37.487462,0
SHP-c11443eb,PO Created,2025-07-26T18:46:37.487462,0
SHP-c11443eb,In Transit,2025-07-28T18:46:37.487462,3061.24
SHP-c11443eb,Received,2025-07-29T18:46:37.487462,0
SHP-73aff83c,PO Created,2026-04-18T18:46:37.487462,0
SHP-73aff83c,In Transit,2026-04-21T18:46:37.487462,32041808.17
SHP-73aff83c,Customs Hold,2026-04-22T18:46:37.487462,0
SHP-73aff83c,Received,2026-04-23T18:46:37.487462,0
SHP-e87cf7fe,PO Created,2025-06-19T18:46:37.487462,0
SHP-e87cf7fe,In Transit,2025-06-20T18:46:37.487462,48626.51
SHP-e87cf7fe,Customs Hold,2025-06-24T18:46:37.487462,0
SHP-e87cf7fe,Received,2025-06-25T18:46:37.487462,0
SHP-dda44ba5,PO Created,2025-07-11T18:46:37.487462,0
SHP-dda44ba5,In Transit,2025-07-14T18:46:37.487462,2822138.08
SHP-dda44ba5,Received,2025-07-15T18:46:37.487462,0
SHP-9131253b,PO Created,2025-09-27T18:46:37.487462,0
SHP-9131253b,Supplier Delay,2025-09-30T18:46:37.487462,0
SHP-9131253b,In Transit,2025-10-02T18:46:37.487462,296642.59
SHP-9131253b,Received,2025-10-10T18:46:37.487462,0
SHP-2af95691,PO Created,2026-03-10T18:46:37.487462,0
SHP-2af95691,Supplier Delay,2026-03-11T18:46:37.487462,0
SHP-2af95691,In Transit,2026-03-13T18:46:37.487462,22578.99
SHP-2af95691,Received,2026-03-15T18:46:37.487462,0
SHP-175fb9f9,PO Created,2025-10-24T18:46:37.487462,0
SHP-175fb9f9,In Transit,2025-10-26T18:46:37.487462,2089738.97
SHP-175fb9f9,Received,2025-11-03T18:46:37.487462,0
SHP-f2a26fcb,PO Created,2026-04-13T18:46:37.487462,0
SHP-f2a26fcb,Supplier Delay,2026-04-16T18:46:37.487462,0
SHP-f2a26fcb,In Transit,2026-04-18T18:46:37.487462,395157.63
SHP-f2a26fcb,Received,2026-04-29T18:46:37.487462,0
SHP-8d4470aa,PO Created,2025-06-18T18:46:37.487462,0
SHP-8d4470aa,In Transit,2025-06-20T18:46:37.487462,2171443.94
SHP-8d4470aa,Received,2025-06-21T18:46:37.487462,0
SHP-381b5a51,PO Created,2025-09-29T18:46:37.487462,0
SHP-381b5a51,In Transit,2025-10-02T18:46:37.487462,94131.0
SHP-381b5a51,Received,2025-10-07T18:46:37.487462,0
SHP-79bb3958,PO Created,2026-01-25T18:46:37.487462,0
SHP-79bb3958,In Transit,2026-01-28T18:46:37.487462,219762.54
SHP-79bb3958,Received,2026-02-01T18:46:37.487462,0
SHP-839ddcd8,PO Created,2026-03-11T18:46:37.487462,0
SHP-839ddcd8,In Transit,2026-03-12T18:46:37.487462,264372.53
SHP-839ddcd8,Received,2026-03-19T18:46:37.487462,0
SHP-1511e6a9,PO Created,2026-04-17T18:46:37.487462,0
SHP-1511e6a9,In Transit,2026-04-18T18:46:37.487462,201933.28
SHP-1511e6a9,Received,2026-04-19T18:46:37.487462,0
SHP-653b53bb,PO Created,2025-10-11T18:46:37.487462,0
SHP-653b53bb,In Transit,2025-10-12T18:46:37.487462,30565.05
SHP-653b53bb,Received,2025-10-13T18:46:37.487462,0
SHP-ee7051d2,PO Created,2025-11-02T18:46:37.487462,0
SHP-ee7051d2,In Transit,2025-11-03T18:46:37.487462,1437.03
SHP-ee7051d2,Received,2025-11-04T18:46:37.487462,0
SHP-c71bad16,PO Created,2025-08-07T18:46:37.487462,0
SHP-c71bad16,In Transit,2025-08-09T18:46:37.487462,103094.64
SHP-c71bad16,Received,2025-08-20T18:46:37.487462,0
SHP-cafe8263,PO Created,2026-05-04T18:46:37.487462,0
SHP-cafe8263,In Transit,2026-05-06T18:46:37.487462,140859.21
SHP-cafe8263,Received,2026-05-11T18:46:37.487462,0
SHP-36d108f4,PO Created,2025-08-29T18:46:37.487462,0
SHP-36d108f4,Supplier Delay,2025-09-01T18:46:37.487462,0
SHP-36d108f4,In Transit,2025-09-06T18:46:37.487462,18200.7
SHP-36d108f4,Customs Hold,2025-09-07T18:46:37.487462,0
SHP-36d108f4,Received,2025-09-08T18:46:37.487462,0
SHP-db40fdd9,PO Created,2026-01-21T18:46:37.487462,0
SHP-db40fdd9,In Transit,2026-01-22T18:46:37.487462,318713.96
SHP-db40fdd9,Customs Hold,2026-02-02T18:46:37.487462,0
SHP-db40fdd9,Received,2026-02-06T18:46:37.487462,0
SHP-cb77fe97,PO Created,2025-10-06T18:46:37.487462,0
SHP-cb77fe97,In Transit,2025-10-07T18:46:37.487462,3101498.32
SHP-cb77fe97,Received,2025-10-08T18:46:37.487462,0
SHP-47311f11,PO Created,2025-10-31T18:46:37.487462,0
SHP-47311f11,In Transit,2025-11-02T18:46:37.487462,283829.45
SHP-47311f11,Received,2025-11-08T18:46:37.487462,0
SHP-e4da52d0,PO Created,2025-10-11T18:46:37.487462,0
SHP-e4da52d0,In Transit,2025-10-13T18:46:37.487462,15228860.16
SHP-e4da52d0,Customs Hold,2025-10-14T18:46:37.487462,0
SHP-e4da52d0,Received,2025-10-16T18:46:37.487462,0
SHP-8aeac758,PO Created,2026-04-25T18:46:37.487462,0
SHP-8aeac758,In Transit,2026-04-27T18:46:37.487462,34738768.02
SHP-8aeac758,Received,2026-04-28T18:46:37.487462,0
SHP-8f1e07d5,PO Created,2025-09-08T18:46:37.487462,0
SHP-8f1e07d5,In Transit,2025-09-11T18:46:37.487462,2670877.44
SHP-8f1e07d5,Received,2025-09-18T18:46:37.487462,0
SHP-e5bb714e,PO Created,2026-03-10T18:46:37.487462,0
SHP-e5bb714e,In Transit,2026-03-12T18:46:37.487462,315738.85
SHP-e5bb714e,Received,2026-03-19T18:46:37.487462,0
SHP-f18db484,PO Created,2025-07-23T18:46:37.487462,0
SHP-f18db484,In Transit,2025-07-26T18:46:37.487462,3961.87
SHP-f18db484,Received,2025-07-27T18:46:37.487462,0
SHP-44f4b7c5,PO Created,2025-12-07T18:46:37.487462,0
SHP-44f4b7c5,In Transit,2025-12-10T18:46:37.487462,53011.5
SHP-44f4b7c5,Received,2025-12-14T18:46:37.487462,0
SHP-bb9992b5,PO Created,2026-02-23T18:46:37.487462,0
SHP-bb9992b5,In Transit,2026-02-25T18:46:37.487462,732157.33
SHP-bb9992b5,Customs Hold,2026-03-07T18:46:37.487462,0
SHP-bb9992b5,Received,2026-03-09T18:46:37.487462,0
SHP-8a62f4b0,PO Created,2025-07-16T18:46:37.487462,0
SHP-8a62f4b0,In Transit,2025-07-17T18:46:37.487462,780275.28
SHP-8a62f4b0,Received,2025-07-24T18:46:37.487462,0
SHP-378746bf,PO Created,2026-02-27T18:46:37.487462,0
SHP-378746bf,Supplier Delay,2026-03-01T18:46:37.487462,0
SHP-378746bf,In Transit,2026-03-03T18:46:37.487462,116111.41
SHP-378746bf,Received,2026-03-08T18:46:37.487462,0
SHP-eb82c76c,PO Created,2025-10-26T18:46:37.487462,0
SHP-eb82c76c,In Transit,2025-10-27T18:46:37.487462,474509.3
SHP-eb82c76c,Customs Hold,2025-11-04T18:46:37.487462,0
SHP-eb82c76c,Received,2025-11-07T18:46:37.487462,0
SHP-e58fe5f5,PO Created,2026-01-29T18:46:37.487462,0
SHP-e58fe5f5,In Transit,2026-01-30T18:46:37.487462,163569.9
SHP-e58fe5f5,Customs Hold,2026-02-06T18:46:37.487462,0
SHP-e58fe5f5,Received,2026-02-09T18:46:37.487462,0
SHP-94449095,PO Created,2025-10-03T18:46:37.487462,0
SHP-94449095,Supplier Delay,2025-10-04T18:46:37.487462,0
SHP-94449095,In Transit,2025-10-09T18:46:37.487462,238844.42
SHP-94449095,Received,2025-10-16T18:46:37.487462,0
SHP-bffad2e9,PO Created,2025-12-31T18:46:37.487462,0
SHP-bffad2e9,In Transit,2026-01-02T18:46:37.487462,225840.73
SHP-bffad2e9,Received,2026-01-07T18:46:37.487462,0
SHP-06f77d12,PO Created,2025-08-20T18:46:37.487462,0
SHP-06f77d12,In Transit,2025-08-23T18:46:37.487462,39794.18
SHP-06f77d12,Received,2025-08-24T18:46:37.487462,0
SHP-186b3241,PO Created,2026-01-08T18:46:37.487462,0
SHP-186b3241,Supplier Delay,2026-01-09T18:46:37.487462,0
SHP-186b3241,In Transit,2026-01-19T18:46:37.487462,50398347.55
SHP-186b3241,Customs Hold,2026-01-20T18:46:37.487462,0
SHP-186b3241,Received,2026-01-22T18:46:37.487462,0
SHP-0652af4a,PO Created,2025-12-14T18:46:37.487462,0
SHP-0652af4a,Supplier Delay,2025-12-15T18:46:37.487462,0
SHP-0652af4a,In Transit,2025-12-17T18:46:37.487462,319981.68
SHP-0652af4a,Received,2025-12-22T18:46:37.487462,0
SHP-3fac4b0a,PO Created,2026-04-09T18:46:37.487462,0
SHP-3fac4b0a,In Transit,2026-04-11T18:46:37.487462,110532.72
SHP-3fac4b0a,Received,2026-04-16T18:46:37.487462,0
SHP-5f6b936a,PO Created,2025-08-12T18:46:37.487462,0
SHP-5f6b936a,In Transit,2025-08-13T18:46:37.487462,460023.66
SHP-5f6b936a,Received,2025-08-20T18:46:37.487462,0
SHP-c061fcfa,PO Created,2025-09-15T18:46:37.487462,0
SHP-c061fcfa,In Transit,2025-09-18T18:46:37.487462,65860.04
SHP-c061fcfa,Received,2025-09-22T18:46:37.487462,0
SHP-d09ab664,PO Created,2026-01-18T18:46:37.487462,0
SHP-d09ab664,Supplier Delay,2026-01-20T18:46:37.487462,0
SHP-d09ab664,In Transit,2026-01-25T18:46:37.487462,181348.42
SHP-d09ab664,Received,2026-02-05T18:46:37.487462,0
SHP-ef6c9a68,PO Created,2025-10-26T18:46:37.487462,0
SHP-ef6c9a68,Supplier Delay,2025-10-28T18:46:37.487462,0
SHP-ef6c9a68,In Transit,2025-11-02T18:46:37.487462,85967.85
SHP-ef6c9a68,Received,2025-11-04T18:46:37.487462,0
SHP-88033e1c,PO Created,2026-02-09T18:46:37.487462,0
SHP-88033e1c,In Transit,2026-02-11T18:46:37.487462,267407.23
SHP-88033e1c,Received,2026-02-18T18:46:37.487462,0
SHP-1c417252,PO Created,2025-10-11T18:46:37.487462,0
SHP-1c417252,Supplier Delay,2025-10-13T18:46:37.487462,0
SHP-1c417252,In Transit,2025-10-15T18:46:37.487462,1105693.17
SHP-1c417252,Received,2025-10-22T18:46:37.487462,0
SHP-4f74897c,PO Created,2026-01-13T18:46:37.487462,0
SHP-4f74897c,In Transit,2026-01-15T18:46:37.487462,416424.68
SHP-4f74897c,Customs Hold,2026-01-22T18:46:37.487462,0
SHP-4f74897c,Received,2026-01-23T18:46:37.487462,0
SHP-f6c23ff9,PO Created,2026-04-05T18:46:37.487462,0
SHP-f6c23ff9,In Transit,2026-04-06T18:46:37.487462,46330.83
SHP-f6c23ff9,Received,2026-04-10T18:46:37.487462,0
SHP-3d4a0671,PO Created,2025-11-27T18:46:37.487462,0
SHP-3d4a0671,In Transit,2025-11-28T18:46:37.487462,19735173.4
SHP-3d4a0671,Received,2025-11-29T18:46:37.487462,0
SHP-37002200,PO Created,2025-10-14T18:46:37.487462,0
SHP-37002200,In Transit,2025-10-17T18:46:37.487462,76419.55
SHP-37002200,Customs Hold,2025-10-24T18:46:37.487462,0
SHP-37002200,Received,2025-10-27T18:46:37.487462,0
SHP-63357c9b,PO Created,2025-12-25T18:46:37.487462,0
SHP-63357c9b,In Transit,2025-12-27T18:46:37.487462,39926.12
SHP-63357c9b,Received,2025-12-31T18:46:37.487462,0
SHP-5d74a526,PO Created,2025-09-16T18:46:37.487462,0
SHP-5d74a526,In Transit,2025-09-18T18:46:37.487462,3872.7
SHP-5d74a526,Customs Hold,2025-09-19T18:46:37.487462,0
SHP-5d74a526,Received,2025-09-22T18:46:37.487462,0
SHP-1ee42f29,PO Created,2026-05-06T18:46:37.487462,0
SHP-1ee42f29,Supplier Delay,2026-05-07T18:46:37.487462,0
SHP-1ee42f29,In Transit,2026-05-09T18:46:37.487462,186529.31
SHP-1ee42f29,Received,2026-05-15T18:46:37.487462,0
SHP-06bc5850,PO Created,2026-01-12T18:46:37.487462,0
SHP-06bc5850,In Transit,2026-01-13T18:46:37.487462,65953.29
SHP-06bc5850,Received,2026-01-17T18:46:37.487462,0
SHP-47f261b1,PO Created,2025-11-12T18:46:37.487462,0
SHP-47f261b1,Supplier Delay,2025-11-13T18:46:37.487462,0
SHP-47f261b1,In Transit,2025-11-15T18:46:37.487462,404847.08
SHP-47f261b1,Customs Hold,2025-11-22T18:46:37.487462,0
SHP-47f261b1,Received,2025-11-26T18:46:37.487462,0
SHP-3dd62de2,PO Created,2026-01-26T18:46:37.487462,0
SHP-3dd62de2,In Transit,2026-01-27T18:46:37.487462,444407.23
SHP-3dd62de2,Received,2026-02-03T18:46:37.487462,0
SHP-f7fe241a,PO Created,2026-03-01T18:46:37.487462,0
SHP-f7fe241a,In Transit,2026-03-04T18:46:37.487462,139911.42
SHP-f7fe241a,Received,2026-03-08T18:46:37.487462,0
SHP-bc6165f9,PO Created,2025-09-21T18:46:37.487462,0
SHP-bc6165f9,Supplier Delay,2025-09-23T18:46:37.487462,0
SHP-bc6165f9,In Transit,2025-10-03T18:46:37.487462,3319.68
SHP-bc6165f9,Received,2025-10-04T18:46:37.487462,0
SHP-79622b13,PO Created,2026-03-18T18:46:37.487462,0
SHP-79622b13,In Transit,2026-03-19T18:46:37.487462,64385.68
SHP-79622b13,Customs Hold,2026-03-20T18:46:37.487462,0
SHP-79622b13,Received,2026-03-24T18:46:37.487462,0
SHP-9887d89d,PO Created,2025-12-14T18:46:37.487462,0
SHP-9887d89d,Supplier Delay,2025-12-15T18:46:37.487462,0
SHP-9887d89d,In Transit,2025-12-20T18:46:37.487462,780.78
SHP-9887d89d,Received,2025-12-21T18:46:37.487462,0
SHP-84c16f35,PO Created,2026-02-17T18:46:37.487462,0
SHP-84c16f35,In Transit,2026-02-20T18:46:37.487462,27911.52
SHP-84c16f35,Received,2026-02-21T18:46:37.487462,0
SHP-1ceaa304,PO Created,2026-04-01T18:46:37.487462,0
SHP-1ceaa304,Supplier Delay,2026-04-04T18:46:37.487462,0
SHP-1ceaa304,In Transit,2026-04-14T18:46:37.487462,281812.47
SHP-1ceaa304,Customs Hold,2026-04-25T18:46:37.487462,0
SHP-1ceaa304,Received,2026-04-28T18:46:37.487462,0
SHP-b25cc7cf,PO Created,2025-08-20T18:46:37.487462,0
SHP-b25cc7cf,Supplier Delay,2025-08-23T18:46:37.487462,0
SHP-b25cc7cf,In Transit,2025-09-02T18:46:37.487462,31747.01
SHP-b25cc7cf,Received,2025-09-03T18:46:37.487462,0
SHP-d5a1c448,PO Created,2025-06-10T18:46:37.487462,0
SHP-d5a1c448,In Transit,2025-06-12T18:46:37.487462,57784134.79
SHP-d5a1c448,Received,2025-06-13T18:46:37.487462,0
SHP-337ece1c,PO Created,2025-09-30T18:46:37.487462,0
SHP-337ece1c,Supplier Delay,2025-10-02T18:46:37.487462,0
SHP-337ece1c,In Transit,2025-10-12T18:46:37.487462,320622.0
SHP-337ece1c,Received,2025-10-19T18:46:37.487462,0
SHP-9ff3430a,PO Created,2025-11-02T18:46:37.487462,0
SHP-9ff3430a,Supplier Delay,2025-11-04T18:46:37.487462,0
SHP-9ff3430a,In Transit,2025-11-06T18:46:37.487462,219450.21
SHP-9ff3430a,Received,2025-11-13T18:46:37.487462,0
SHP-d4d41210,PO Created,2025-07-25T18:46:37.487462,0
SHP-d4d41210,In Transit,2025-07-27T18:46:37.487462,5476125.66
SHP-d4d41210,Customs Hold,2025-08-07T18:46:37.487462,0
SHP-d4d41210,Received,2025-08-11T18:46:37.487462,0
SHP-d2c51e1e,PO Created,2025-08-04T18:46:37.487462,0
SHP-d2c51e1e,In Transit,2025-08-05T18:46:37.487462,18736088.64
SHP-d2c51e1e,Customs Hold,2025-08-06T18:46:37.487462,0
SHP-d2c51e1e,Received,2025-08-07T18:46:37.487462,0
SHP-3e381b4b,PO Created,2026-02-01T18:46:37.487462,0
SHP-3e381b4b,In Transit,2026-02-04T18:46:37.487462,4598.6
SHP-3e381b4b,Received,2026-02-05T18:46:37.487462,0
SHP-6b3ce1be,PO Created,2025-10-15T18:46:37.487462,0
SHP-6b3ce1be,In Transit,2025-10-18T18:46:37.487462,57036396.09
SHP-6b3ce1be,Received,2025-10-19T18:46:37.487462,0
SHP-4c2d8c93,PO Created,2026-04-07T18:46:37.487462,0
SHP-4c2d8c93,In Transit,2026-04-09T18:46:37.487462,719375.17
SHP-4c2d8c93,Received,2026-04-13T18:46:37.487462,0
SHP-6947a0b5,PO Created,2025-06-10T18:46:37.487462,0
SHP-6947a0b5,In Transit,2025-06-11T18:46:37.487462,145178.68
SHP-6947a0b5,Received,2025-06-15T18:46:37.487462,0
SHP-fc136023,PO Created,2025-12-30T18:46:37.487462,0
SHP-fc136023,In Transit,2026-01-01T18:46:37.487462,182374.67
SHP-fc136023,Received,2026-01-08T18:46:37.487462,0
SHP-3e1ad74b,PO Created,2026-02-20T18:46:37.487462,0
SHP-3e1ad74b,In Transit,2026-02-23T18:46:37.487462,260954.0
SHP-3e1ad74b,Received,2026-03-06T18:46:37.487462,0
SHP-942d1bfc,PO Created,2025-06-18T18:46:37.487462,0
SHP-942d1bfc,In Transit,2025-06-19T18:46:37.487462,1462.44
SHP-942d1bfc,Received,2025-06-20T18:46:37.487462,0
SHP-4581ae18,PO Created,2025-11-05T18:46:37.487462,0
SHP-4581ae18,Supplier Delay,2025-11-08T18:46:37.487462,0
SHP-4581ae18,In Transit,2025-11-13T18:46:37.487462,64154.73
SHP-4581ae18,Received,2025-11-14T18:46:37.487462,0
SHP-066de3f4,PO Created,2025-07-11T18:46:37.487462,0
SHP-066de3f4,In Transit,2025-07-14T18:46:37.487462,144098.04
SHP-066de3f4,Customs Hold,2025-07-20T18:46:37.487462,0
SHP-066de3f4,Received,2025-07-23T18:46:37.487462,0
SHP-2a68fb50,PO Created,2026-02-10T18:46:37.487462,0
SHP-2a68fb50,In Transit,2026-02-12T18:46:37.487462,402928.93
SHP-2a68fb50,Received,2026-02-19T18:46:37.487462,0
SHP-bea23e98,PO Created,2025-08-26T18:46:37.487462,0
SHP-bea23e98,In Transit,2025-08-27T18:46:37.487462,231294.11
SHP-bea23e98,Received,2025-09-01T18:46:37.487462,0
SHP-d37c0125,PO Created,2026-03-09T18:46:37.487462,0
SHP-d37c0125,In Transit,2026-03-10T18:46:37.487462,19330430.82
SHP-d37c0125,Received,2026-03-11T18:46:37.487462,0
SHP-c97cb151,PO Created,2026-03-08T18:46:37.487462,0
SHP-c97cb151,Supplier Delay,2026-03-11T18:46:37.487462,0
SHP-c97cb151,In Transit,2026-03-13T18:46:37.487462,3115.49
SHP-c97cb151,Received,2026-03-14T18:46:37.487462,0
SHP-60e4db83,PO Created,2026-02-09T18:46:37.487462,0
SHP-60e4db83,In Transit,2026-02-11T18:46:37.487462,77159.8
SHP-60e4db83,Customs Hold,2026-02-18T18:46:37.487462,0
SHP-60e4db83,Received,2026-02-20T18:46:37.487462,0
SHP-13aa5c7e,PO Created,2025-08-17T18:46:37.487462,0
SHP-13aa5c7e,In Transit,2025-08-20T18:46:37.487462,397654.35
SHP-13aa5c7e,Customs Hold,2025-08-25T18:46:37.487462,0
SHP-13aa5c7e,Received,2025-08-27T18:46:37.487462,0
SHP-37ae78c7,PO Created,2025-12-03T18:46:37.487462,0
SHP-37ae78c7,Supplier Delay,2025-12-05T18:46:37.487462,0
SHP-37ae78c7,In Transit,2025-12-10T18:46:37.487462,12733391.16
SHP-37ae78c7,Received,2025-12-11T18:46:37.487462,0
SHP-7a75ea8e,PO Created,2025-10-22T18:46:37.487462,0
SHP-7a75ea8e,Supplier Delay,2025-10-24T18:46:37.487462,0
SHP-7a75ea8e,In Transit,2025-10-26T18:46:37.487462,6060.27
SHP-7a75ea8e,Customs Hold,2025-10-27T18:46:37.487462,0
SHP-7a75ea8e,Received,2025-10-30T18:46:37.487462,0
SHP-ecf976d7,PO Created,2025-08-11T18:46:37.487462,0
SHP-ecf976d7,In Transit,2025-08-14T18:46:37.487462,102820.42
SHP-ecf976d7,Customs Hold,2025-08-18T18:46:37.487462,0
SHP-ecf976d7,Received,2025-08-21T18:46:37.487462,0
SHP-f497144c,PO Created,2026-04-06T18:46:37.487462,0
SHP-f497144c,In Transit,2026-04-09T18:46:37.487462,195118.39
SHP-f497144c,Received,2026-04-14T18:46:37.487462,0
SHP-74ff78aa,PO Created,2025-08-06T18:46:37.487462,0
SHP-74ff78aa,Supplier Delay,2025-08-07T18:46:37.487462,0
SHP-74ff78aa,In Transit,2025-08-17T18:46:37.487462,46067.93
SHP-74ff78aa,Received,2025-08-19T18:46:37.487462,0
SHP-75cfc574,PO Created,2026-01-26T18:46:37.488655,0
SHP-75cfc574,In Transit,2026-01-29T18:46:37.488655,202471.41
SHP-75cfc574,Received,2026-02-02T18:46:37.488655,0
SHP-a9a5c612,PO Created,2026-03-04T18:46:37.488655,0
SHP-a9a5c612,In Transit,2026-03-07T18:46:37.488655,95847.08
SHP-a9a5c612,Received,2026-03-11T18:46:37.488655,0
SHP-7299ed9a,PO Created,2026-05-03T18:46:37.488655,0
SHP-7299ed9a,In Transit,2026-05-04T18:46:37.488655,4085354.28
SHP-7299ed9a,Received,2026-05-11T18:46:37.488655,0
SHP-49e9b848,PO Created,2025-07-24T18:46:37.488655,0
SHP-49e9b848,Supplier Delay,2025-07-25T18:46:37.488655,0
SHP-49e9b848,In Transit,2025-07-27T18:46:37.488655,9483.19
SHP-49e9b848,Received,2025-07-28T18:46:37.488655,0
SHP-c5d99cf8,PO Created,2025-12-18T18:46:37.488655,0
SHP-c5d99cf8,In Transit,2025-12-21T18:46:37.488655,218148.84
SHP-c5d99cf8,Received,2025-12-25T18:46:37.488655,0
SHP-7725b994,PO Created,2026-01-08T18:46:37.488655,0
SHP-7725b994,Supplier Delay,2026-01-09T18:46:37.488655,0
SHP-7725b994,In Transit,2026-01-19T18:46:37.488655,474858.87
SHP-7725b994,Received,2026-01-27T18:46:37.488655,0
SHP-f586f5d4,PO Created,2025-09-05T18:46:37.488655,0
SHP-f586f5d4,In Transit,2025-09-06T18:46:37.488655,29103.58
SHP-f586f5d4,Received,2025-09-07T18:46:37.488655,0
SHP-c5265249,PO Created,2025-11-26T18:46:37.488655,0
SHP-c5265249,In Transit,2025-11-28T18:46:37.488655,5863.28
SHP-c5265249,Received,2025-11-29T18:46:37.488655,0
SHP-1fe5a15c,PO Created,2026-05-06T18:46:37.488655,0
SHP-1fe5a15c,In Transit,2026-05-09T18:46:37.488655,83571.53
SHP-1fe5a15c,Received,2026-05-17T18:46:37.488655,0
SHP-2679aed0,PO Created,2026-03-14T18:46:37.488655,0
SHP-2679aed0,In Transit,2026-03-16T18:46:37.488655,49828.03
SHP-2679aed0,Received,2026-03-17T18:46:37.488655,0
SHP-159d92bb,PO Created,2026-01-10T18:46:37.488655,0
SHP-159d92bb,Supplier Delay,2026-01-11T18:46:37.488655,0
SHP-159d92bb,In Transit,2026-01-13T18:46:37.488655,25720276.29
SHP-159d92bb,Received,2026-01-14T18:46:37.488655,0
SHP-30fbf8ad,PO Created,2025-10-29T18:46:37.488655,0
SHP-30fbf8ad,In Transit,2025-11-01T18:46:37.488655,140977.41
SHP-30fbf8ad,Received,2025-11-05T18:46:37.488655,0
SHP-eef5b29a,PO Created,2026-03-03T18:46:37.488655,0
SHP-eef5b29a,In Transit,2026-03-04T18:46:37.488655,536800.98
SHP-eef5b29a,Received,2026-03-12T18:46:37.488655,0
SHP-9faa6df1,PO Created,2025-07-30T18:46:37.488655,0
SHP-9faa6df1,In Transit,2025-08-01T18:46:37.488655,177211.84
SHP-9faa6df1,Received,2025-08-08T18:46:37.488655,0
SHP-030687f6,PO Created,2026-04-13T18:46:37.488655,0
SHP-030687f6,In Transit,2026-04-14T18:46:37.488655,4497324.34
SHP-030687f6,Received,2026-04-25T18:46:37.488655,0
SHP-62e0440d,PO Created,2025-09-01T18:46:37.488655,0
SHP-62e0440d,In Transit,2025-09-02T18:46:37.488655,42476.77
SHP-62e0440d,Received,2025-09-03T18:46:37.488655,0
SHP-44d222dc,PO Created,2026-03-07T18:46:37.488655,0
SHP-44d222dc,In Transit,2026-03-09T18:46:37.488655,13952197.07
SHP-44d222dc,Received,2026-03-10T18:46:37.488655,0
SHP-ed0e5ba6,PO Created,2026-01-14T18:46:37.488655,0
SHP-ed0e5ba6,Supplier Delay,2026-01-17T18:46:37.488655,0
SHP-ed0e5ba6,In Transit,2026-01-27T18:46:37.488655,452827.4
SHP-ed0e5ba6,Customs Hold,2026-02-03T18:46:37.488655,0
SHP-ed0e5ba6,Received,2026-02-05T18:46:37.488655,0
SHP-b22fe1db,PO Created,2025-08-19T18:46:37.488655,0
SHP-b22fe1db,In Transit,2025-08-21T18:46:37.488655,6763.49
SHP-b22fe1db,Customs Hold,2025-08-22T18:46:37.488655,0
SHP-b22fe1db,Received,2025-08-25T18:46:37.488655,0
SHP-4717af18,PO Created,2026-04-21T18:46:37.488655,0
SHP-4717af18,Supplier Delay,2026-04-22T18:46:37.488655,0
SHP-4717af18,In Transit,2026-04-24T18:46:37.488655,753891.31
SHP-4717af18,Received,2026-05-05T18:46:37.488655,0
SHP-6e47b55d,PO Created,2026-01-22T18:46:37.488655,0
SHP-6e47b55d,In Transit,2026-01-25T18:46:37.488655,70499.63
SHP-6e47b55d,Received,2026-01-29T18:46:37.488655,0
SHP-b94d3f60,PO Created,2026-04-11T18:46:37.488655,0
SHP-b94d3f60,Supplier Delay,2026-04-14T18:46:37.488655,0
SHP-b94d3f60,In Transit,2026-04-19T18:46:37.488655,20486898.84
SHP-b94d3f60,Customs Hold,2026-04-20T18:46:37.488655,0
SHP-b94d3f60,Received,2026-04-24T18:46:37.488655,0
SHP-45f290a5,PO Created,2025-12-28T18:46:37.488655,0
SHP-45f290a5,In Transit,2025-12-29T18:46:37.488655,725.4
SHP-45f290a5,Received,2025-12-30T18:46:37.488655,0
SHP-7e374b21,PO Created,2025-10-20T18:46:37.488655,0
SHP-7e374b21,In Transit,2025-10-22T18:46:37.488655,1804888.03
SHP-7e374b21,Received,2025-10-26T18:46:37.488655,0
SHP-0334dee3,PO Created,2026-03-29T18:46:37.488655,0
SHP-0334dee3,In Transit,2026-04-01T18:46:37.488655,3132174.35
SHP-0334dee3,Received,2026-04-12T18:46:37.488655,0
SHP-411a287b,PO Created,2025-11-04T18:46:37.488655,0
SHP-411a287b,In Transit,2025-11-06T18:46:37.488655,1526.4
SHP-411a287b,Received,2025-11-07T18:46:37.488655,0
SHP-501c6432,PO Created,2025-09-24T18:46:37.488655,0
SHP-501c6432,In Transit,2025-09-26T18:46:37.488655,689314.59
SHP-501c6432,Received,2025-10-03T18:46:37.488655,0
SHP-de06817a,PO Created,2026-02-03T18:46:37.488655,0
SHP-de06817a,In Transit,2026-02-04T18:46:37.488655,2559.69
SHP-de06817a,Received,2026-02-05T18:46:37.488655,0
SHP-e036b904,PO Created,2025-06-17T18:46:37.488655,0
SHP-e036b904,Supplier Delay,2025-06-20T18:46:37.488655,0
SHP-e036b904,In Transit,2025-06-22T18:46:37.488655,40221366.65
SHP-e036b904,Received,2025-06-23T18:46:37.488655,0
SHP-7661f2ae,PO Created,2025-07-12T18:46:37.488655,0
SHP-7661f2ae,Supplier Delay,2025-07-14T18:46:37.488655,0
SHP-7661f2ae,In Transit,2025-07-16T18:46:37.488655,4015.8
SHP-7661f2ae,Received,2025-07-17T18:46:37.488655,0
SHP-73461aee,PO Created,2025-09-01T18:46:37.488655,0
SHP-73461aee,In Transit,2025-09-04T18:46:37.488655,208218.1
SHP-73461aee,Received,2025-09-09T18:46:37.488655,0
SHP-51a430db,PO Created,2025-06-13T18:46:37.488655,0
SHP-51a430db,In Transit,2025-06-14T18:46:37.488655,38169.27
SHP-51a430db,Received,2025-06-15T18:46:37.488655,0
SHP-194a65a8,PO Created,2026-04-07T18:46:37.488655,0
SHP-194a65a8,Supplier Delay,2026-04-08T18:46:37.488655,0
SHP-194a65a8,In Transit,2026-04-18T18:46:37.488655,318855.78
SHP-194a65a8,Received,2026-04-24T18:46:37.488655,0
SHP-38985602,PO Created,2025-08-30T18:46:37.488655,0
SHP-38985602,In Transit,2025-08-31T18:46:37.488655,3473575.54
SHP-38985602,Customs Hold,2025-09-11T18:46:37.488655,0
SHP-38985602,Received,2025-09-13T18:46:37.488655,0
SHP-276f3b87,PO Created,2025-09-02T18:46:37.488655,0
SHP-276f3b87,In Transit,2025-09-03T18:46:37.488655,5833278.82
SHP-276f3b87,Customs Hold,2025-09-04T18:46:37.488655,0
SHP-276f3b87,Received,2025-09-08T18:46:37.488655,0
SHP-ca0c40b8,PO Created,2025-12-17T18:46:37.488655,0
SHP-ca0c40b8,In Transit,2025-12-19T18:46:37.488655,261378.34
SHP-ca0c40b8,Received,2025-12-23T18:46:37.488655,0
SHP-b3dbb215,PO Created,2026-03-17T18:46:37.488655,0
SHP-b3dbb215,In Transit,2026-03-18T18:46:37.488655,36038.5
SHP-b3dbb215,Received,2026-03-19T18:46:37.488655,0
SHP-30f50099,PO Created,2026-03-18T18:46:37.488655,0
SHP-30f50099,Supplier Delay,2026-03-21T18:46:37.488655,0
SHP-30f50099,In Transit,2026-03-31T18:46:37.488655,88720.36
SHP-30f50099,Received,2026-04-05T18:46:37.488655,0
SHP-b953dd2f,PO Created,2025-07-06T18:46:37.488655,0
SHP-b953dd2f,In Transit,2025-07-09T18:46:37.488655,49559.98
SHP-b953dd2f,Received,2025-07-16T18:46:37.488655,0
SHP-007835ee,PO Created,2025-09-10T18:46:37.488655,0
SHP-007835ee,In Transit,2025-09-12T18:46:37.488655,246982.24
SHP-007835ee,Customs Hold,2025-09-13T18:46:37.488655,0
SHP-007835ee,Received,2025-09-14T18:46:37.488655,0
SHP-52efbc66,PO Created,2025-08-19T18:46:37.488655,0
SHP-52efbc66,In Transit,2025-08-22T18:46:37.488655,403891.27
SHP-52efbc66,Received,2025-08-29T18:46:37.488655,0
SHP-c17d9a54,PO Created,2026-05-01T18:46:37.488655,0
SHP-c17d9a54,Supplier Delay,2026-05-04T18:46:37.488655,0
SHP-c17d9a54,In Transit,2026-05-06T18:46:37.488655,294366.36
SHP-c17d9a54,Received,2026-05-13T18:46:37.488655,0
SHP-64a47fcd,PO Created,2026-01-15T18:46:37.488655,0
SHP-64a47fcd,In Transit,2026-01-17T18:46:37.488655,783894.36
SHP-64a47fcd,Received,2026-01-27T18:46:37.488655,0
SHP-f6492335,PO Created,2026-03-27T18:46:37.488655,0
SHP-f6492335,In Transit,2026-03-28T18:46:37.488655,3703.37
SHP-f6492335,Received,2026-03-29T18:46:37.488655,0
SHP-54ad8d52,PO Created,2025-07-24T18:46:37.488655,0
SHP-54ad8d52,In Transit,2025-07-27T18:46:37.488655,388752.95
SHP-54ad8d52,Received,2025-08-04T18:46:37.488655,0
SHP-9045ded2,PO Created,2026-03-26T18:46:37.488655,0
SHP-9045ded2,Supplier Delay,2026-03-29T18:46:37.488655,0
SHP-9045ded2,In Transit,2026-03-31T18:46:37.488655,3213113.48
SHP-9045ded2,Received,2026-04-06T18:46:37.488655,0
SHP-342b9c18,PO Created,2025-10-20T18:46:37.488655,0
SHP-342b9c18,In Transit,2025-10-23T18:46:37.488655,152187.3
SHP-342b9c18,Received,2025-10-27T18:46:37.488655,0
SHP-4e19a406,PO Created,2025-12-11T18:46:37.488655,0
SHP-4e19a406,In Transit,2025-12-12T18:46:37.488655,1490805.64
SHP-4e19a406,Received,2025-12-17T18:46:37.488655,0
SHP-49de7334,PO Created,2026-02-04T18:46:37.488655,0
SHP-49de7334,In Transit,2026-02-05T18:46:37.488655,868908.67
SHP-49de7334,Customs Hold,2026-02-16T18:46:37.488655,0
SHP-49de7334,Received,2026-02-18T18:46:37.488655,0
SHP-4ac36e99,PO Created,2025-08-20T18:46:37.488655,0
SHP-4ac36e99,Supplier Delay,2025-08-21T18:46:37.488655,0
SHP-4ac36e99,In Transit,2025-08-31T18:46:37.488655,7317.28
SHP-4ac36e99,Received,2025-09-01T18:46:37.488655,0
SHP-3697f8b8,PO Created,2026-02-19T18:46:37.488655,0
SHP-3697f8b8,In Transit,2026-02-20T18:46:37.488655,542705.55
SHP-3697f8b8,Received,2026-02-27T18:46:37.488655,0
SHP-3d3a32ec,PO Created,2025-08-29T18:46:37.488655,0
SHP-3d3a32ec,In Transit,2025-08-30T18:46:37.488655,815000.91
SHP-3d3a32ec,Received,2025-09-06T18:46:37.488655,0
SHP-7a98481a,PO Created,2025-10-11T18:46:37.488655,0
SHP-7a98481a,Supplier Delay,2025-10-12T18:46:37.488655,0
SHP-7a98481a,In Transit,2025-10-17T18:46:37.488655,289336.42
SHP-7a98481a,Received,2025-10-23T18:46:37.488655,0
SHP-1a834c9c,PO Created,2026-03-23T18:46:37.488655,0
SHP-1a834c9c,In Transit,2026-03-25T18:46:37.488655,36405909.77
SHP-1a834c9c,Received,2026-03-26T18:46:37.488655,0
SHP-83650d17,PO Created,2025-10-13T18:46:37.488655,0
SHP-83650d17,In Transit,2025-10-14T18:46:37.488655,21080.17
SHP-83650d17,Received,2025-10-16T18:46:37.488655,0
SHP-56f93892,PO Created,2026-01-25T18:46:37.488655,0
SHP-56f93892,In Transit,2026-01-26T18:46:37.488655,8523.18
SHP-56f93892,Received,2026-01-27T18:46:37.488655,0
SHP-e6e15e61,PO Created,2025-12-07T18:46:37.488655,0
SHP-e6e15e61,In Transit,2025-12-08T18:46:37.488655,24588903.74
SHP-e6e15e61,Received,2025-12-09T18:46:37.488655,0
SHP-423000a1,PO Created,2025-08-15T18:46:37.488655,0
SHP-423000a1,In Transit,2025-08-17T18:46:37.488655,51349.13
SHP-423000a1,Received,2025-08-19T18:46:37.488655,0
SHP-73f13916,PO Created,2025-12-25T18:46:37.488655,0
SHP-73f13916,Supplier Delay,2025-12-26T18:46:37.488655,0
SHP-73f13916,In Transit,2025-12-28T18:46:37.488655,44034.28
SHP-73f13916,Customs Hold,2025-12-29T18:46:37.488655,0
SHP-73f13916,Received,2026-01-02T18:46:37.488655,0
SHP-72ab147c,PO Created,2025-06-10T18:46:37.488655,0
SHP-72ab147c,Supplier Delay,2025-06-12T18:46:37.488655,0
SHP-72ab147c,In Transit,2025-06-14T18:46:37.488655,113699.88
SHP-72ab147c,Received,2025-06-21T18:46:37.488655,0
SHP-3a9cc5bf,PO Created,2025-11-24T18:46:37.488655,0
SHP-3a9cc5bf,In Transit,2025-11-27T18:46:37.488655,566552.89
SHP-3a9cc5bf,Received,2025-12-07T18:46:37.488655,0
SHP-da47bc55,PO Created,2026-01-17T18:46:37.488655,0
SHP-da47bc55,In Transit,2026-01-18T18:46:37.488655,3474.8
SHP-da47bc55,Received,2026-01-19T18:46:37.488655,0
SHP-4c96fd80,PO Created,2026-02-25T18:46:37.488655,0
SHP-4c96fd80,In Transit,2026-02-28T18:46:37.488655,708399.1
SHP-4c96fd80,Received,2026-03-07T18:46:37.488655,0
SHP-063e9228,PO Created,2025-11-26T18:46:37.488655,0
SHP-063e9228,In Transit,2025-11-27T18:46:37.488655,2367199.23
SHP-063e9228,Customs Hold,2025-12-04T18:46:37.488655,0
SHP-063e9228,Received,2025-12-08T18:46:37.488655,0
SHP-feaedfc2,PO Created,2025-07-20T18:46:37.488655,0
SHP-feaedfc2,Supplier Delay,2025-07-23T18:46:37.488655,0
SHP-feaedfc2,In Transit,2025-07-25T18:46:37.488655,1574858.3
SHP-feaedfc2,Customs Hold,2025-07-26T18:46:37.488655,0
SHP-feaedfc2,Received,2025-07-28T18:46:37.488655,0
SHP-3c1f7c17,PO Created,2025-12-04T18:46:37.488655,0
SHP-3c1f7c17,In Transit,2025-12-07T18:46:37.488655,292398.82
SHP-3c1f7c17,Received,2025-12-15T18:46:37.488655,0
SHP-ae842269,PO Created,2026-03-11T18:46:37.488655,0
SHP-ae842269,In Transit,2026-03-12T18:46:37.488655,229719.42
SHP-ae842269,Received,2026-03-23T18:46:37.488655,0
SHP-922789d6,PO Created,2025-08-17T18:46:37.488655,0
SHP-922789d6,In Transit,2025-08-20T18:46:37.488655,26875.89
SHP-922789d6,Received,2025-08-21T18:46:37.488655,0
SHP-1e2c5f0a,PO Created,2025-06-05T18:46:37.488655,0
SHP-1e2c5f0a,In Transit,2025-06-08T18:46:37.488655,15601211.76
SHP-1e2c5f0a,Received,2025-06-09T18:46:37.488655,0
SHP-81335505,PO Created,2026-05-03T18:46:37.488655,0
SHP-81335505,Supplier Delay,2026-05-04T18:46:37.488655,0
SHP-81335505,In Transit,2026-05-09T18:46:37.488655,451138.91
SHP-81335505,Customs Hold,2026-05-16T18:46:37.488655,0
SHP-81335505,Received,2026-05-17T18:46:37.488655,0
SHP-f97b5c43,PO Created,2025-11-12T18:46:37.488655,0
SHP-f97b5c43,Supplier Delay,2025-11-13T18:46:37.488655,0
SHP-f97b5c43,In Transit,2025-11-18T18:46:37.488655,162167.69
SHP-f97b5c43,Received,2025-11-25T18:46:37.488655,0
SHP-27b4e6cc,PO Created,2026-03-26T18:46:37.488655,0
SHP-27b4e6cc,In Transit,2026-03-28T18:46:37.488655,6927.69
SHP-27b4e6cc,Customs Hold,2026-03-29T18:46:37.488655,0
SHP-27b4e6cc,Received,2026-04-01T18:46:37.488655,0
SHP-3821b33f,PO Created,2026-01-24T18:46:37.488655,0
SHP-3821b33f,In Transit,2026-01-27T18:46:37.488655,621949.14
SHP-3821b33f,Received,2026-01-31T18:46:37.488655,0
SHP-91294486,PO Created,2025-09-28T18:46:37.488655,0
SHP-91294486,In Transit,2025-09-30T18:46:37.488655,16794.98
SHP-91294486,Received,2025-10-01T18:46:37.488655,0
SHP-abe79f61,PO Created,2025-07-06T18:46:37.488655,0
SHP-abe79f61,In Transit,2025-07-07T18:46:37.488655,1066201.77
SHP-abe79f61,Received,2025-07-15T18:46:37.488655,0
SHP-72d6a85e,PO Created,2026-01-01T18:46:37.488655,0
SHP-72d6a85e,In Transit,2026-01-02T18:46:37.488655,300447.55
SHP-72d6a85e,Received,2026-01-09T18:46:37.488655,0
SHP-ecdbe11e,PO Created,2025-11-16T18:46:37.488655,0
SHP-ecdbe11e,In Transit,2025-11-17T18:46:37.488655,498417.28
SHP-ecdbe11e,Received,2025-11-18T18:46:37.488655,0
SHP-7e1bff86,PO Created,2026-03-17T18:46:37.488655,0
SHP-7e1bff86,In Transit,2026-03-19T18:46:37.488655,9512.46
SHP-7e1bff86,Received,2026-03-20T18:46:37.488655,0
SHP-a29a86d4,PO Created,2025-11-10T18:46:37.488655,0
SHP-a29a86d4,Supplier Delay,2025-11-13T18:46:37.488655,0
SHP-a29a86d4,In Transit,2025-11-18T18:46:37.488655,60253.04
SHP-a29a86d4,Received,2025-11-23T18:46:37.488655,0
SHP-2fda4933,PO Created,2026-03-01T18:46:37.488655,0
SHP-2fda4933,In Transit,2026-03-03T18:46:37.488655,79322.02
SHP-2fda4933,Received,2026-03-08T18:46:37.488655,0
SHP-cc4ae253,PO Created,2026-02-16T18:46:37.488655,0
SHP-cc4ae253,Supplier Delay,2026-02-19T18:46:37.488655,0
SHP-cc4ae253,In Transit,2026-02-24T18:46:37.488655,55662.0
SHP-cc4ae253,Customs Hold,2026-03-04T18:46:37.488655,0
SHP-cc4ae253,Received,2026-03-06T18:46:37.488655,0
SHP-fb1fa659,PO Created,2026-02-19T18:46:37.488655,0
SHP-fb1fa659,In Transit,2026-02-20T18:46:37.488655,481140.52
SHP-fb1fa659,Customs Hold,2026-02-27T18:46:37.488655,0
SHP-fb1fa659,Received,2026-03-03T18:46:37.488655,0
SHP-59ed067b,PO Created,2025-08-11T18:46:37.488655,0
SHP-59ed067b,In Transit,2025-08-14T18:46:37.488655,1059.85
SHP-59ed067b,Received,2025-08-15T18:46:37.488655,0
SHP-157923e7,PO Created,2025-07-31T18:46:37.488655,0
SHP-157923e7,In Transit,2025-08-01T18:46:37.488655,118567.7
SHP-157923e7,Received,2025-08-05T18:46:37.488655,0
SHP-de9d2355,PO Created,2026-03-18T18:46:37.488655,0
SHP-de9d2355,Supplier Delay,2026-03-19T18:46:37.488655,0
SHP-de9d2355,In Transit,2026-03-24T18:46:37.488655,274817.43
SHP-de9d2355,Received,2026-03-31T18:46:37.488655,0
SHP-8400127c,PO Created,2026-01-07T18:46:37.488655,0
SHP-8400127c,Supplier Delay,2026-01-08T18:46:37.488655,0
SHP-8400127c,In Transit,2026-01-10T18:46:37.488655,2081473.55
SHP-8400127c,Customs Hold,2026-01-14T18:46:37.488655,0
SHP-8400127c,Received,2026-01-16T18:46:37.488655,0
