shipment_id,supplier_id,warehouse_id,transport_mode,distance_km,weight_kg,carbon_emissions_kg,cost_usd,delay_days,dispatch_date
SHP-1b27c7c4,SUP-004,WH-006,ROAD,120.15,2357,38061.94,1183.3,2,2025-06-25
SHP-91dbff32,SUP-025,WH-003,SEA,3783.95,3679,225522.46,2686.97,2,2025-08-08
SHP-54092e05,SUP-002,WH-006,ROAD,120.15,4803,63018.39,950.3,0,2025-12-13
SHP-a0d4a12b,SUP-043,WH-009,ROAD,8927.17,683,804837.61,19132.33,0,2026-02-08
SHP-d2963b67,SUP-039,WH-004,AIR,10527.33,1574,19676888.82,127479.92,0,2026-04-07
SHP-a8754c86,SUP-012,WH-010,ROAD,7569.88,2221,1614020.55,16316.77,0,2025-11-04
SHP-6d759142,SUP-010,WH-008,SEA,10293.78,2964,475967.92,6475.89,0,2026-04-09
SHP-167b7395,SUP-001,WH-008,SEA,6541.02,2826,268955.49,3879.51,0,2026-01-21
SHP-fb770bf3,SUP-024,WH-005,SEA,5032.41,4965,386032.42,3461.21,5,2025-07-01
SHP-6a05264e,SUP-008,WH-005,AIR,6541.02,2953,24868864.26,80085.2,0,2026-04-10
SHP-3192ca6c,SUP-003,WH-008,ROAD,694.15,1009,86569.1,2402.3,0,2025-10-24
SHP-70593d9a,SUP-007,WH-009,RAIL,412.94,1809,12250.79,2192.87,10,2025-06-29
SHP-1db400f3,SUP-021,WH-009,AIR,6876.95,1684,15055011.11,83125.36,5,2025-08-08
SHP-7df28efc,SUP-028,WH-007,SEA,6541.02,4473,359873.01,3986.51,0,2025-12-24
SHP-a01cce92,SUP-043,WH-003,SEA,3805.74,4486,281697.09,3107.87,0,2025-10-13
SHP-b2a6ad21,SUP-031,WH-002,SEA,3783.95,1363,87419.95,2699.97,0,2025-12-05
SHP-eb8bfce3,SUP-003,WH-004,SEA,10139.13,3727,583832.73,5991.56,2,2026-02-07
SHP-8883d7e4,SUP-024,WH-001,RAIL,3805.74,1521,119243.74,9219.48,0,2026-02-23
SHP-b54f8921,SUP-013,WH-006,SEA,6541.02,2540,279118.27,3938.51,5,2026-04-06
SHP-3449845b,SUP-028,WH-001,AIR,10293.78,3519,37129407.61,124993.36,10,2026-01-28
SHP-461e76ee,SUP-036,WH-001,AIR,3783.95,2723,10432482.62,46925.36,2,2025-07-30
SHP-98ed96e0,SUP-048,WH-009,AIR,6990.85,1396,10613162.28,85467.23,0,2026-04-17
SHP-a9a98a65,SUP-026,WH-008,ROAD,50,3434,22870.44,1036,2,2026-02-01
SHP-15bf061f,SUP-004,WH-006,AIR,120.15,2509,422046.98,2471.83,0,2025-08-11
SHP-8e5b31fa,SUP-043,WH-008,AIR,9010.28,3027,37501911.54,109244.36,2,2026-03-28
SHP-0cfc76da,SUP-017,WH-007,RAIL,120.15,1404,3373.88,1638.3,0,2026-04-14
SHP-33e11e4b,SUP-049,WH-003,SEA,3783.95,4630,299586.4,3456.97,0,2025-08-01
SHP-53348142,SUP-023,WH-001,RAIL,3903.78,2257,188551.65,8909.55,2,2025-08-04
SHP-57406fef,SUP-015,WH-009,AIR,10527.33,544,7373339.36,127077.92,0,2025-09-29
SHP-69963aa5,SUP-048,WH-005,SEA,120.15,4012,6290.77,1602.08,5,2025-10-14
SHP-bdfa85be,SUP-013,WH-009,SEA,583.76,1480,14514.52,955.88,0,2025-08-09
SHP-a2ba4347,SUP-014,WH-009,RAIL,6876.95,4575,528562.1,14616.89,0,2025-08-18
SHP-e7b0db0c,SUP-050,WH-004,SEA,50,1826,1465.37,783.0,0,2026-04-10
SHP-05cab19f,SUP-017,WH-006,RAIL,120.15,2837,6817.44,1032.3,0,2025-08-18
SHP-a6dc96e4,SUP-011,WH-008,SEA,6541.02,3225,287943.74,4815.51,2,2025-07-25
SHP-d8c6a7fb,SUP-008,WH-009,ROAD,583.76,3092,223094.92,1872.51,2,2025-11-27
SHP-2e5f9c4e,SUP-029,WH-002,ROAD,3903.78,3464,1557813.2,8729.55,0,2025-11-19
SHP-e705e1a3,SUP-009,WH-005,SEA,3903.78,950,44503.06,2737.89,0,2026-01-12
SHP-a23480bb,SUP-048,WH-010,RAIL,6657.79,3234,374644.28,14359.57,0,2025-10-22
SHP-ba31afaf,SUP-006,WH-007,AIR,50,2370,161456.25,1997,0,2025-12-01
SHP-b52e2a9a,SUP-035,WH-005,RAIL,50,713,691.61,738,0,2026-04-02
SHP-4c4aa44a,SUP-021,WH-009,SEA,6876.95,2805,300921.42,5038.47,5,2025-12-14
SHP-7be9f6f9,SUP-028,WH-009,SEA,583.76,4385,31485.2,1684.88,0,2025-09-02
SHP-7072bd40,SUP-036,WH-005,RAIL,120.15,4956,9646.69,2093.3,0,2025-10-14
SHP-cebddf03,SUP-022,WH-004,RAIL,3903.78,978,77885.04,9080.55,0,2025-10-06
SHP-eac40402,SUP-048,WH-002,SEA,3783.95,4961,244976.67,3891.97,5,2026-01-30
SHP-70d241e1,SUP-027,WH-004,RAIL,3903.78,1300,105558.13,8909.55,2,2026-04-25
SHP-00e95f4c,SUP-009,WH-010,SEA,10293.78,1343,165894.56,6552.89,2,2026-01-02
SHP-5426aaf0,SUP-035,WH-005,SEA,50,3466,2521.51,1430.0,0,2025-07-27
SHP-80124572,SUP-020,WH-003,SEA,3783.95,1840,99215.08,3317.97,0,2025-09-16
SHP-35caa828,SUP-037,WH-010,SEA,583.76,3295,34334.08,971.88,0,2025-06-26
SHP-babb6ec4,SUP-007,WH-003,RAIL,10139.13,3826,636193.72,20799.25,2,2026-04-21
SHP-2978fbb4,SUP-046,WH-009,SEA,412.94,4149,28268.92,1635.47,0,2026-01-12
SHP-0368c198,SUP-006,WH-010,RAIL,6541.02,3230,460579.16,14526.03,10,2025-06-22
SHP-0f5e1ba7,SUP-007,WH-006,RAIL,6532.42,3099,332001.24,13808.85,0,2026-03-08
SHP-6626a897,SUP-011,WH-004,RAIL,3903.78,1529,108633.53,8610.55,0,2026-03-11
SHP-cb1ce49c,SUP-046,WH-003,ROAD,10139.13,1912,2558953.42,21465.25,0,2026-01-18
SHP-35038193,SUP-005,WH-010,SEA,7569.88,2390,320228.83,5442.94,2,2025-10-21
SHP-8135916e,SUP-003,WH-001,ROAD,10139.13,3761,4713270.5,21613.25,2,2026-04-17
SHP-bd0e57a5,SUP-014,WH-002,SEA,3903.78,4572,224885.67,2920.89,0,2026-03-19
SHP-5d2543e4,SUP-023,WH-001,SEA,3903.78,4893,306573.96,3425.89,0,2025-06-09
SHP-c7516ff6,SUP-017,WH-002,SEA,3783.95,4034,228966.61,3317.97,0,2025-12-11
SHP-b50ab884,SUP-033,WH-002,SEA,3903.78,2943,205075.37,2672.89,0,2026-05-05
SHP-16a8f488,SUP-007,WH-003,RAIL,10139.13,643,106919.12,21210.25,2,2025-07-27
SHP-2eb98d87,SUP-021,WH-004,SEA,3903.78,1640,99874.23,2884.89,0,2025-08-12
SHP-b4efdab1,SUP-045,WH-009,SEA,7894.43,1899,224872.74,4698.21,0,2025-10-19
SHP-1988989f,SUP-010,WH-003,RAIL,50,3753,3903.12,2092,0,2025-12-08
SHP-8a32148e,SUP-015,WH-010,SEA,10293.78,3055,485863.85,6373.89,0,2025-08-26
SHP-be4f0661,SUP-007,WH-009,SEA,412.94,1873,9513.16,1986.47,2,2025-11-14
SHP-b0a9e137,SUP-042,WH-002,SEA,2902.35,2991,144537.28,2642.17,10,2025-11-08
SHP-4e13f496,SUP-008,WH-001,SEA,10293.78,3557,565701.38,6363.89,0,2025-08-28
SHP-09719dd0,SUP-028,WH-004,SEA,10293.78,1766,223599.43,7009.89,0,2026-02-13
SHP-b6977fa4,SUP-038,WH-004,SEA,3805.74,3648,185342.6,3166.87,0,2025-10-07
SHP-39aed730,SUP-025,WH-008,SEA,6657.79,968,104404.74,4444.89,0,2025-08-21
SHP-8ff48c02,SUP-020,WH-005,SEA,120.15,2132,3650.35,1537.08,2,2026-04-06
SHP-87661bb9,SUP-014,WH-005,RAIL,50,1304,1095.36,784,0,2026-04-01
SHP-4c847124,SUP-014,WH-008,RAIL,6541.02,2438,267909.58,14810.03,0,2025-08-14
SHP-1334d91a,SUP-011,WH-010,SEA,6541.02,3010,268747.49,4473.51,0,2026-04-08
SHP-df54795e,SUP-023,WH-005,AIR,50,2524,168792.5,1795,2,2025-06-20
SHP-496cf7a4,SUP-020,WH-010,SEA,6657.79,910,86334.84,4365.89,2,2026-01-23
SHP-2bede029,SUP-034,WH-003,SEA,10527.33,934,165186.38,6585.66,0,2025-08-01
SHP-9bfbae41,SUP-033,WH-005,ROAD,50,3806,27174.84,930,0,2026-02-14
SHP-6647b656,SUP-023,WH-008,SEA,6541.02,1854,194639.08,5190.51,0,2025-10-03
SHP-ab3aa426,SUP-032,WH-001,ROAD,3805.74,1431,758085.2,9443.48,0,2025-09-09
SHP-5aff3295,SUP-045,WH-010,AIR,7569.88,4668,44170277.52,91421.62,2,2025-08-26
SHP-c0196732,SUP-035,WH-001,RAIL,3903.78,685,51877.29,9750.55,0,2025-11-07
SHP-baf99d74,SUP-033,WH-007,RAIL,50,1129,1343.51,888,0,2025-08-16
SHP-64f5dcff,SUP-041,WH-004,SEA,10293.78,2369,373105.27,6263.89,0,2025-10-23
SHP-c34b8b34,SUP-005,WH-002,ROAD,2902.35,1597,656322.65,6470.69,0,2025-07-30
SHP-f3ae46c8,SUP-042,WH-006,RAIL,1033.1,1748,40090.01,3317.2,2,2026-02-26
SHP-62884f17,SUP-013,WH-003,SEA,10293.78,2920,504971.68,6335.89,0,2025-12-05
SHP-0ee31f44,SUP-026,WH-006,RAIL,6541.02,1812,263121.56,14920.03,0,2025-07-27
SHP-59b5cad1,SUP-002,WH-008,SEA,6657.79,1602,145587.81,4694.89,2,2026-03-17
SHP-aa579638,SUP-008,WH-002,ROAD,10293.78,2100,2671853.57,21450.56,0,2025-07-28
SHP-d93dad9d,SUP-039,WH-007,RAIL,6876.95,1383,180705.52,15714.89,0,2026-04-22
SHP-04562094,SUP-020,WH-008,RAIL,6657.79,1487,188102.43,13986.57,2,2025-08-07
SHP-64a481a6,SUP-036,WH-009,SEA,6990.85,2113,179475.8,5401.43,0,2025-12-08
SHP-69f82ed3,SUP-030,WH-010,RAIL,583.76,2809,38042.71,2310.51,0,2025-12-09
SHP-33ec06f5,SUP-007,WH-008,RAIL,694.15,1604,18260.03,2418.3,0,2026-04-10
SHP-0ff94170,SUP-002,WH-007,SEA,120.15,4515,7404.96,668.08,0,2025-10-17
SHP-eac522ee,SUP-042,WH-005,SEA,1033.1,729,12539.59,1889.55,2,2025-06-05
SHP-562c8777,SUP-015,WH-006,AIR,3903.78,4416,22195315.26,47613.33,0,2026-02-27
SHP-fb537aee,SUP-003,WH-003,ROAD,10139.13,4739,5938896.28,21016.25,2,2025-10-21
SHP-9e9e64bd,SUP-026,WH-001,RAIL,10293.78,4996,1141695.51,22232.56,0,2026-02-22
SHP-4916613c,SUP-050,WH-006,ROAD,3903.78,731,366410.08,9780.55,0,2025-11-23
SHP-ca4e17d2,SUP-025,WH-001,SEA,3783.95,3938,241399.14,3316.97,0,2025-12-10
SHP-56f6b8a4,SUP-013,WH-001,SEA,10293.78,1919,331863.24,6226.89,10,2025-07-23
SHP-2665a1be,SUP-006,WH-007,AIR,50,663,45166.88,2435,0,2026-02-03
SHP-0e5f9b58,SUP-009,WH-006,SEA,3903.78,4244,198811.56,2993.89,0,2025-06-27
SHP-fe3480d1,SUP-050,WH-009,ROAD,10527.33,3718,5025652.95,22325.65,0,2025-08-08
SHP-0d72a935,SUP-014,WH-004,SEA,3903.78,4047,199062.18,2858.89,0,2025-07-30
SHP-4028bea6,SUP-027,WH-003,SEA,3903.78,981,59741.84,2708.89,0,2025-09-03
SHP-0cc68759,SUP-006,WH-002,SEA,3903.78,3601,229840.15,2993.89,0,2025-10-18
SHP-019f885c,SUP-047,WH-008,RAIL,694.15,1910,29433.35,2988.3,0,2025-07-06
SHP-7806617b,SUP-031,WH-010,SEA,6657.79,1183,133500.93,4128.89,0,2026-02-10
SHP-ee565023,SUP-007,WH-001,SEA,10139.13,4982,621311.51,6605.56,0,2025-11-22
SHP-48471e3c,SUP-038,WH-010,ROAD,9010.28,2271,2185378.53,18924.56,0,2026-03-15
SHP-b160a24f,SUP-025,WH-010,SEA,6657.79,4055,437356.63,4394.89,5,2026-02-19
SHP-5719033f,SUP-031,WH-008,ROAD,6657.79,4121,3720421.51,14601.57,2,2026-04-06
SHP-00fe2b28,SUP-006,WH-006,SEA,50,655,535.46,1068.0,0,2025-12-05
SHP-7ea04ff6,SUP-005,WH-009,SEA,7894.43,758,105916.36,5673.21,2,2026-04-09
SHP-bc718b1a,SUP-042,WH-010,AIR,7569.88,4488,47138429.33,91854.62,5,2025-06-20
SHP-22432877,SUP-033,WH-009,SEA,6876.95,2699,331311.68,4037.47,0,2026-03-13
SHP-c2263b34,SUP-030,WH-002,SEA,10527.33,2752,504098.92,7164.66,0,2025-11-28
SHP-5b78b5eb,SUP-032,WH-003,AIR,3805.74,4064,22426466.52,47540.88,0,2026-04-17
SHP-f4d38937,SUP-026,WH-002,RAIL,10293.78,4819,1101247.13,22317.56,5,2026-02-08
SHP-6f0c53d1,SUP-018,WH-005,SEA,1033.1,935,15068.77,1286.55,0,2026-04-11
SHP-e243e742,SUP-003,WH-003,AIR,10139.13,2174,28379669.84,122763.52,2,2025-10-05
SHP-1d7c199b,SUP-010,WH-004,ROAD,50,627,3912.48,607,0,2026-02-25
SHP-68ed2cf7,SUP-019,WH-009,ROAD,50,3550,24495.0,968,0,2026-04-07
SHP-700dc79f,SUP-031,WH-001,SEA,3783.95,4943,317033.61,3493.97,0,2026-04-28
SHP-9ffbef68,SUP-023,WH-005,ROAD,50,553,3550.26,1971,0,2025-09-20
SHP-51350457,SUP-023,WH-008,SEA,6541.02,3563,374055.57,4555.51,0,2025-10-22
SHP-d95142b6,SUP-041,WH-006,SEA,6541.02,3860,386299.37,5018.51,0,2025-07-27
SHP-4e7d0f42,SUP-044,WH-009,SEA,6990.85,1843,228049.29,5026.43,0,2025-11-20
SHP-0212edf5,SUP-033,WH-003,SEA,3903.78,3391,236293.09,3174.89,2,2026-02-09
SHP-5b8fe183,SUP-014,WH-004,AIR,3903.78,2712,11116395.76,48066.33,0,2025-11-23
SHP-283fc1a2,SUP-017,WH-001,AIR,3783.95,3226,15258764.59,46219.36,0,2025-10-21
SHP-9e07f06a,SUP-038,WH-004,RAIL,3805.74,2980,201871.69,8189.48,5,2025-12-01
SHP-7b6db845,SUP-018,WH-006,SEA,1033.1,3625,58421.72,1588.55,0,2026-02-18
SHP-18a59dc4,SUP-040,WH-001,SEA,3783.95,2275,131709.72,3272.97,0,2025-12-12
SHP-64509bfa,SUP-025,WH-009,SEA,6990.85,2098,237602.29,4265.43,0,2025-10-02
SHP-3d2ed609,SUP-033,WH-002,SEA,3903.78,4016,279844.61,2788.89,5,2025-10-17
SHP-8d4b6664,SUP-023,WH-001,SEA,3903.78,3831,240033.69,3728.89,2,2025-09-04
SHP-a53801e6,SUP-018,WH-004,SEA,2902.35,4515,204423.86,2225.17,5,2025-08-03
SHP-6339d25c,SUP-040,WH-009,RAIL,6990.85,3173,452512.27,14882.7,0,2026-04-05
SHP-5ff2e67d,SUP-022,WH-001,ROAD,3903.78,3467,1656609.99,9567.55,0,2026-01-14
SHP-96538c9f,SUP-042,WH-007,SEA,1033.1,4535,78006.94,1287.55,0,2026-04-20
SHP-ff4493b3,SUP-022,WH-009,RAIL,6876.95,3156,442754.32,14554.89,0,2025-06-26
SHP-049d34d4,SUP-014,WH-003,ROAD,3903.78,640,251840.47,8811.55,0,2025-12-15
SHP-8bc29dab,SUP-029,WH-002,SEA,3903.78,3856,216762.69,2732.89,5,2025-11-06
SHP-9ed9c59b,SUP-014,WH-002,SEA,3903.78,1432,70436.63,2534.89,2,2025-06-10
SHP-efb135ce,SUP-048,WH-006,ROAD,120.15,3084,38685.39,1424.3,5,2025-08-06
SHP-1e7659ac,SUP-017,WH-008,SEA,6657.79,500,49933.4,3854.89,0,2026-01-24
SHP-d72374e9,SUP-010,WH-005,SEA,3903.78,1330,80995.57,2651.89,0,2026-04-10
SHP-b3e6b914,SUP-008,WH-007,RAIL,6541.02,4376,589643.89,13778.03,5,2025-10-02
SHP-02a5082d,SUP-050,WH-009,AIR,10527.33,2143,30174080.68,127328.92,5,2025-12-13
SHP-db1c33f9,SUP-028,WH-004,ROAD,10293.78,3606,3652546.12,22475.56,10,2026-03-18
SHP-a66596b6,SUP-021,WH-007,AIR,50,4091,265915.0,1407,0,2026-05-02
SHP-4be1fb00,SUP-003,WH-005,RAIL,6532.42,4154,558995.09,14405.85,2,2025-10-31
SHP-b646e125,SUP-005,WH-001,SEA,2902.35,1116,57330.63,2255.17,2,2025-11-01
SHP-fec4916e,SUP-015,WH-006,SEA,3903.78,2515,151688.09,2846.89,2,2026-01-13
SHP-07b429ef,SUP-037,WH-010,SEA,583.76,1210,12608.26,1292.88,0,2025-10-16
SHP-af0298df,SUP-020,WH-007,SEA,120.15,1071,1833.73,1194.08,0,2025-09-17
SHP-1bc81650,SUP-048,WH-004,SEA,3783.95,3183,157178.14,3344.97,0,2026-01-31
SHP-0e357000,SUP-005,WH-003,ROAD,2902.35,4314,1772934.2,7191.69,5,2025-06-21
SHP-b44d19b4,SUP-024,WH-001,AIR,3805.74,2284,11191350.26,46899.88,0,2025-08-05
SHP-a6cad1b2,SUP-042,WH-005,RAIL,1033.1,3920,89904.36,3743.2,0,2025-10-04
SHP-65eb81b0,SUP-018,WH-005,RAIL,1033.1,3970,85309.14,3755.2,0,2026-01-09
SHP-58a1ddbf,SUP-046,WH-001,SEA,10139.13,2428,406193.7,5906.56,0,2026-01-08
SHP-d6fcc64c,SUP-018,WH-004,SEA,2902.35,1868,84576.69,2663.17,5,2025-12-06
SHP-72b917d2,SUP-019,WH-007,SEA,6876.95,2558,303448.7,4474.47,0,2026-04-05
SHP-30e5b990,SUP-007,WH-003,ROAD,10139.13,4847,4835803.88,21309.25,0,2026-04-01
SHP-7b1f6410,SUP-049,WH-009,SEA,6990.85,3371,402981.38,5335.43,0,2025-09-05
SHP-2b0bfe73,SUP-017,WH-008,SEA,6657.79,3182,317776.13,4932.89,0,2026-04-11
SHP-8ee72e1a,SUP-024,WH-007,ROAD,5032.41,1800,1119610.65,11001.82,5,2025-09-01
SHP-d811e3de,SUP-034,WH-007,ROAD,6876.95,3170,2929909.27,15144.89,0,2025-12-25
SHP-e8bcf225,SUP-012,WH-005,SEA,1033.1,1325,16426.27,2072.55,2,2026-04-21
SHP-1775eddb,SUP-029,WH-006,AIR,50,535,32100.0,2482,0,2025-10-06
SHP-a65f95ba,SUP-002,WH-001,RAIL,3783.95,4834,332907.08,9370.89,0,2025-09-29
SHP-4ca66ffb,SUP-011,WH-006,ROAD,50,2124,11597.04,903,0,2025-12-28
SHP-d7779a81,SUP-020,WH-009,SEA,6990.85,1469,146341.26,4545.43,0,2025-07-01
SHP-7dac3c34,SUP-042,WH-010,SEA,7569.88,4791,603850.84,4997.94,0,2025-07-05
SHP-a7db147a,SUP-025,WH-009,SEA,6990.85,2855,323333.91,4331.43,0,2025-06-07
SHP-37600727,SUP-048,WH-003,ROAD,3783.95,2511,991955.54,9015.89,0,2025-12-29
SHP-43793a12,SUP-050,WH-002,RAIL,50,511,546.77,1587,0,2025-11-13
SHP-a3919b8e,SUP-018,WH-008,SEA,7569.88,2497,294871.23,4928.94,0,2026-03-27
SHP-b9502068,SUP-017,WH-001,SEA,3783.95,565,32068.95,2410.97,0,2025-12-17
SHP-e701b6f6,SUP-032,WH-002,ROAD,3805.74,710,376128.93,8750.48,0,2026-01-13
SHP-8cd1efb2,SUP-004,WH-006,SEA,120.15,3105,6267.62,1858.08,0,2026-02-22
SHP-409c21fa,SUP-004,WH-004,SEA,3783.95,1574,100059.66,3141.97,0,2025-12-28
SHP-e486cc3e,SUP-002,WH-005,RAIL,120.15,715,1563.54,1443.3,5,2025-12-13
SHP-017ddc66,SUP-042,WH-006,SEA,1033.1,2511,43191.94,1418.55,10,2025-12-30
SHP-62f766cb,SUP-037,WH-007,SEA,6876.95,4451,546375.8,4370.47,0,2026-04-19
SHP-43fc0fd5,SUP-048,WH-001,RAIL,3783.95,2683,176650.52,8847.89,0,2025-06-11
SHP-37382184,SUP-028,WH-008,ROAD,50,3879,19084.68,1176,2,2026-03-14
SHP-f9562bec,SUP-006,WH-010,RAIL,6541.02,4357,621282.79,14099.03,0,2025-12-19
SHP-99498189,SUP-032,WH-004,SEA,3805.74,3530,233756.18,3889.87,0,2026-04-13
SHP-76797d4b,SUP-031,WH-006,SEA,120.15,3825,7789.92,1369.08,5,2026-02-17
SHP-67cc9048,SUP-007,WH-007,AIR,6532.42,4645,31101680.93,79136.07,2,2025-08-17
SHP-fb3f0e44,SUP-025,WH-009,RAIL,6990.85,4535,684795.92,14639.7,5,2026-04-21
SHP-2117b07c,SUP-028,WH-003,ROAD,10293.78,834,844765.24,21933.56,0,2026-01-20
SHP-d9191919,SUP-014,WH-005,ROAD,50,2972,14978.88,1082,0,2025-12-03
SHP-9efaef29,SUP-041,WH-006,ROAD,6541.02,3930,3146438.41,14253.03,0,2025-11-22
SHP-7d9dc882,SUP-025,WH-003,RAIL,3783.95,1148,93829.77,8547.89,0,2026-03-27
SHP-f65d7e22,SUP-006,WH-001,ROAD,3903.78,1023,522358.17,9499.55,0,2025-12-30
SHP-a36fa07f,SUP-040,WH-006,SEA,120.15,4978,9151.21,1196.08,0,2025-11-14
SHP-248b85ad,SUP-042,WH-002,SEA,2902.35,1252,60501.73,2587.17,0,2025-08-28
SHP-3e4dcd01,SUP-048,WH-004,SEA,3783.95,1037,51207.58,3674.97,0,2025-09-05
SHP-50ad82b1,SUP-007,WH-001,RAIL,10139.13,3197,531602.54,21339.25,2,2025-11-08
SHP-881c3e1e,SUP-009,WH-006,AIR,3903.78,3645,14229267.65,47396.33,2,2025-09-30
SHP-3bb2f179,SUP-022,WH-008,RAIL,6541.02,1328,177204.0,14042.03,0,2025-10-09
SHP-bde6c12f,SUP-044,WH-009,ROAD,6990.85,2014,1993668.01,14878.7,10,2026-02-25
SHP-363a14d0,SUP-012,WH-010,RAIL,7569.88,4780,578944.79,17133.77,0,2026-04-30
SHP-f6acc29d,SUP-003,WH-007,AIR,6532.42,578,4861265.65,78951.07,0,2025-07-01
SHP-aa780f22,SUP-020,WH-004,RAIL,3783.95,2044,146953.35,8400.89,10,2026-01-24
SHP-16a1d192,SUP-044,WH-002,RAIL,3783.95,3076,274690.3,8650.89,0,2026-02-10
SHP-87c98fd0,SUP-029,WH-003,AIR,3903.78,3020,14147288.33,48240.33,0,2026-04-05
SHP-b76d16c3,SUP-047,WH-010,RAIL,694.15,570,8783.77,3179.3,0,2026-03-22
SHP-b8d949b4,SUP-023,WH-009,SEA,6876.95,1128,124502.99,4891.47,5,2025-09-15
SHP-b2de054b,SUP-029,WH-007,SEA,50,3504,2522.88,788.0,0,2026-01-18
SHP-50040564,SUP-034,WH-002,ROAD,10527.33,3547,5018553.32,21774.65,0,2025-06-27
SHP-57d82d49,SUP-039,WH-001,SEA,10527.33,4764,714668.6,6364.66,0,2025-08-17
SHP-f6bbdcf8,SUP-003,WH-003,SEA,10139.13,3275,513027.15,6012.56,0,2025-10-13
SHP-4b8cda53,SUP-014,WH-005,SEA,50,4866,3065.58,828.0,2,2025-09-16
SHP-1f6fb914,SUP-020,WH-010,SEA,6657.79,2257,214129.38,4074.89,0,2025-07-13
SHP-2c84fa63,SUP-001,WH-006,RAIL,50,3248,3150.56,931,5,2025-10-19
SHP-1c12d26f,SUP-019,WH-008,ROAD,583.76,3459,278651.5,3080.51,5,2025-06-24
SHP-47f48931,SUP-017,WH-010,RAIL,6657.79,4693,624899.81,14746.57,0,2026-01-30
SHP-c801d3f1,SUP-012,WH-010,SEA,7569.88,3936,357540.8,5343.94,2,2025-07-17
SHP-765055ca,SUP-043,WH-008,SEA,9010.28,3375,501759.97,5165.14,0,2026-03-09
SHP-790b8409,SUP-037,WH-003,SEA,10527.33,613,115190.53,5978.66,0,2025-12-09
SHP-8f890f46,SUP-040,WH-003,ROAD,3783.95,4752,2200912.85,8200.89,0,2025-09-27
SHP-ef68ce92,SUP-009,WH-010,AIR,10293.78,1650,16984737.22,124076.36,0,2026-02-10
SHP-e3ba56c6,SUP-028,WH-003,SEA,10293.78,3346,423648.76,6532.89,0,2026-01-21
SHP-56fd3da5,SUP-014,WH-001,SEA,3903.78,1012,49777.84,2685.89,0,2025-07-23
SHP-c4a051cf,SUP-029,WH-008,SEA,6541.02,4199,395506.51,3842.51,0,2025-06-05
SHP-d76b245c,SUP-017,WH-009,SEA,6990.85,4700,492855.08,4479.43,0,2025-11-02
SHP-4891817b,SUP-019,WH-009,SEA,50,1025,884.06,1092.0,0,2026-04-24
SHP-03a69d7e,SUP-001,WH-004,SEA,3903.78,2849,161823.08,3946.89,5,2026-03-04
SHP-e0679232,SUP-006,WH-010,RAIL,6541.02,2595,370031.86,14771.03,0,2025-08-04
SHP-a0d9b9d3,SUP-011,WH-007,RAIL,50,3452,3141.32,1500,0,2026-04-07
SHP-c23fe012,SUP-041,WH-009,RAIL,583.76,3871,46098.32,2273.51,0,2025-08-31
SHP-d3ad823f,SUP-042,WH-006,RAIL,1033.1,3222,73895.88,2896.2,2,2025-08-01
SHP-0386d084,SUP-050,WH-007,SEA,3903.78,2469,154696.73,3691.89,2,2025-06-30
SHP-47054926,SUP-014,WH-004,RAIL,3903.78,2907,190651.11,8598.55,0,2025-10-08
SHP-879fd021,SUP-033,WH-004,ROAD,3903.78,594,331130.87,9504.55,5,2025-07-27
SHP-bdd80a48,SUP-013,WH-007,ROAD,6541.02,1220,1072517.45,15026.03,0,2025-07-25
SHP-431c6f6c,SUP-001,WH-004,SEA,3903.78,2574,146203.09,2467.89,2,2026-01-27
SHP-e2fb8b35,SUP-033,WH-003,SEA,3903.78,1150,80134.79,3922.89,0,2026-03-12
SHP-d7493f68,SUP-009,WH-006,SEA,3903.78,2275,106573.12,3670.89,0,2026-02-15
SHP-bfa93f32,SUP-011,WH-001,SEA,3903.78,3832,204194.09,3081.89,5,2025-07-12
SHP-15d87a20,SUP-027,WH-004,SEA,3903.78,3059,186289.81,3082.89,0,2025-07-19
SHP-e02e7098,SUP-008,WH-002,SEA,10293.78,1607,255575.52,6472.89,5,2026-03-01
SHP-f218c87d,SUP-029,WH-006,SEA,50,1615,1162.8,1335.0,0,2025-08-18
SHP-29da4f1a,SUP-004,WH-005,RAIL,120.15,632,1700.97,2177.3,0,2025-07-28
SHP-2abfa2a6,SUP-020,WH-008,SEA,6657.79,2862,271527.82,4022.89,0,2026-02-05
SHP-47703d34,SUP-039,WH-007,ROAD,6876.95,1308,1025435.23,14733.89,0,2026-04-13
SHP-eb269838,SUP-026,WH-009,ROAD,583.76,797,61971.82,1777.51,0,2026-01-30
SHP-acfad876,SUP-045,WH-010,RAIL,7569.88,2164,327624.61,16925.77,0,2026-05-04
SHP-148b1d82,SUP-001,WH-007,ROAD,50,2836,16505.52,1685,5,2025-12-25
SHP-3c46e00e,SUP-038,WH-008,RAIL,9010.28,1972,316275.24,19244.56,0,2026-05-06
SHP-6ed2f0da,SUP-018,WH-006,SEA,1033.1,3820,61564.41,2311.55,0,2026-02-16
SHP-e3662fea,SUP-011,WH-003,SEA,3903.78,2857,152239.7,2473.89,2,2025-12-31
SHP-57a6e15f,SUP-022,WH-007,SEA,50,3968,3035.52,962.0,0,2025-10-04
SHP-f1dfb5a0,SUP-004,WH-010,SEA,6657.79,3659,409262.1,3870.89,0,2026-01-15
SHP-038b0098,SUP-030,WH-006,SEA,6876.95,3113,372498.06,5219.47,2,2026-03-03
SHP-4fad67af,SUP-039,WH-002,ROAD,10527.33,3837,4604842.03,22141.65,0,2025-09-21
SHP-2f34d802,SUP-031,WH-006,SEA,120.15,2260,4602.67,1674.08,0,2025-06-10
SHP-e6ebd4b2,SUP-016,WH-004,RAIL,3805.74,2129,160427.94,8445.48,0,2026-04-21
SHP-cd36975e,SUP-003,WH-008,SEA,694.15,3481,37332.39,1394.07,0,2025-11-21
SHP-bcf1b864,SUP-020,WH-002,SEA,3783.95,2569,138523.66,2676.97,2,2026-03-01
SHP-3b8b492e,SUP-042,WH-005,SEA,1033.1,3882,66774.63,2492.55,0,2025-11-24
SHP-ee99cbb3,SUP-006,WH-010,SEA,6541.02,2445,261482.05,5173.51,0,2025-09-12
SHP-c60e679c,SUP-035,WH-003,RAIL,3903.78,1608,121779.11,9383.55,2,2025-07-25
SHP-e382e2c4,SUP-015,WH-001,SEA,50,4750,3669.38,1230.0,0,2025-10-06
SHP-fd660b8e,SUP-004,WH-004,RAIL,3783.95,4364,369894.4,9306.89,5,2025-10-29
SHP-73280eaf,SUP-013,WH-008,SEA,50,4021,3377.64,1872.0,2,2025-07-05
SHP-13005149,SUP-023,WH-003,SEA,3903.78,4404,275935.36,3476.89,0,2025-09-02
SHP-38daea42,SUP-024,WH-008,SEA,9010.28,1938,269786.7,6039.14,0,2026-02-05
SHP-888e428a,SUP-032,WH-010,SEA,9010.28,3249,509374.55,5807.14,0,2025-11-18
SHP-37db3490,SUP-040,WH-005,AIR,120.15,1985,304090.46,2953.83,10,2025-09-29
SHP-bd794b5b,SUP-035,WH-007,RAIL,50,4063,3941.11,1626,2,2025-06-16
SHP-4e4ccc2a,SUP-023,WH-001,SEA,3903.78,3107,194671.02,2542.89,0,2026-03-13
SHP-8316f1b2,SUP-025,WH-003,AIR,3783.95,1037,5297336.02,46632.36,0,2026-01-15
SHP-c17d853e,SUP-033,WH-003,SEA,3903.78,797,55536.89,2787.89,2,2025-06-18
SHP-8ddd55cd,SUP-023,WH-008,SEA,6541.02,2515,264033.05,4747.51,2,2025-10-23
SHP-f64f7e80,SUP-037,WH-006,RAIL,6876.95,2858,467772.65,15049.89,5,2026-02-10
SHP-fea39efc,SUP-028,WH-004,RAIL,10293.78,1110,187387.97,22505.56,0,2025-07-06
SHP-6e85080c,SUP-004,WH-009,ROAD,6990.85,599,562802.75,15502.7,2,2026-04-14
SHP-fc5ebb0a,SUP-032,WH-009,RAIL,8927.17,2766,572866.98,19218.33,2,2025-07-04
SHP-fe4f34e0,SUP-047,WH-009,AIR,412.94,3073,1760667.67,6016.22,10,2025-09-20
SHP-9278e7aa,SUP-044,WH-003,SEA,3783.95,1109,74276.22,3210.97,0,2025-08-05
SHP-00e2cb22,SUP-044,WH-004,ROAD,3783.95,4512,2417560.44,9519.89,0,2025-11-04
SHP-ed583053,SUP-037,WH-006,AIR,6876.95,2412,24673452.22,83743.36,2,2025-11-07
SHP-130115ae,SUP-018,WH-005,ROAD,1033.1,2169,279650.68,3296.2,0,2025-07-10
SHP-b5c289db,SUP-011,WH-007,RAIL,50,1696,1543.36,1907,0,2025-10-05
SHP-7cd1e71d,SUP-027,WH-003,SEA,3903.78,2846,173318.34,2806.89,10,2025-07-24
SHP-166701e0,SUP-015,WH-009,RAIL,10527.33,676,146599.34,21852.65,0,2025-10-15
SHP-419d8b16,SUP-018,WH-003,SEA,2902.35,1747,79098.22,3037.17,0,2025-10-13
SHP-8ffb89ff,SUP-014,WH-006,ROAD,50,4641,23390.64,606,10,2025-07-13
SHP-cfc6bdfe,SUP-016,WH-009,SEA,8927.17,788,104463.92,5846.58,2,2025-11-13
SHP-6ee7db8c,SUP-032,WH-001,ROAD,3805.74,4298,2276904.4,9224.48,0,2025-12-30
SHP-0829e335,SUP-007,WH-004,ROAD,10139.13,4311,4301041.99,21060.25,0,2025-11-03
SHP-8ba4db51,SUP-018,WH-001,RAIL,2902.35,1172,70752.24,6527.69,2,2025-11-17
SHP-afc8055f,SUP-018,WH-007,SEA,1033.1,3779,60903.64,2184.55,0,2026-02-18
SHP-143e836e,SUP-006,WH-008,SEA,6541.02,3293,352171.94,5009.51,5,2026-01-27
SHP-4c38ea50,SUP-013,WH-005,SEA,6541.02,3123,343183.61,4837.51,0,2025-12-16
SHP-8666f33f,SUP-035,WH-001,SEA,3903.78,3009,170911.07,3720.89,0,2026-03-29
SHP-74105af9,SUP-012,WH-002,AIR,2902.35,3211,9319433.82,36127.16,0,2026-03-23
SHP-15840886,SUP-046,WH-008,ROAD,694.15,3859,353591.65,2397.3,5,2025-07-04
SHP-049e841b,SUP-023,WH-003,SEA,3903.78,4219,264344.07,3654.89,0,2026-02-27
SHP-b17189bf,SUP-026,WH-005,ROAD,6541.02,4428,3857954.53,14357.03,0,2025-10-27
SHP-2b614850,SUP-036,WH-005,SEA,120.15,4940,7211.66,1728.08,0,2026-04-14
SHP-09632639,SUP-008,WH-001,SEA,10293.78,1258,200070.94,5823.89,0,2025-10-04
SHP-de3767a3,SUP-024,WH-010,ROAD,9010.28,4115,4582754.54,19073.56,0,2026-03-02
SHP-003a56c7,SUP-044,WH-006,RAIL,120.15,4862,13786.66,2044.3,0,2026-01-16
SHP-d41c46aa,SUP-025,WH-001,SEA,3783.95,3529,216327.47,2932.97,0,2026-02-28
SHP-009886f8,SUP-006,WH-004,SEA,3903.78,4750,303177.09,2924.89,0,2025-11-24
SHP-f5926d69,SUP-004,WH-007,SEA,120.15,2267,4576.07,928.08,0,2026-02-25
SHP-2de166f2,SUP-044,WH-008,SEA,6657.79,1488,175350.11,4731.89,0,2026-04-22
SHP-e2f76389,SUP-024,WH-009,SEA,8927.17,1037,143027.93,6240.58,0,2025-12-01
SHP-34d24bca,SUP-013,WH-005,ROAD,6541.02,1960,1723060.82,14574.03,0,2026-02-12
SHP-77d70bcf,SUP-036,WH-002,SEA,3783.95,1827,83996.24,2699.97,0,2025-08-18
SHP-cfa7887c,SUP-030,WH-008,SEA,583.76,853,8664.23,1953.88,0,2025-08-18
SHP-66124e23,SUP-024,WH-002,SEA,3805.74,4157,244426.15,3091.87,0,2026-05-05
SHP-7812bf7b,SUP-046,WH-002,SEA,10139.13,3665,613138.35,6257.56,10,2026-03-07
SHP-d33ad775,SUP-010,WH-007,SEA,3903.78,1702,103649.97,3779.89,2,2026-04-10
SHP-c11443eb,SUP-011,WH-007,RAIL,50,3364,3061.24,1392,0,2025-07-26
SHP-73aff83c,SUP-018,WH-008,AIR,7569.88,3256,32041808.17,92109.62,0,2026-04-18
SHP-e87cf7fe,SUP-024,WH-004,SEA,3805.74,827,48626.51,2420.87,0,2025-06-19
SHP-dda44ba5,SUP-022,WH-004,AIR,3903.78,567,2822138.08,47699.33,0,2025-07-11
SHP-9131253b,SUP-018,WH-008,RAIL,7569.88,1884,296642.59,15692.77,2,2025-09-27
SHP-2af95691,SUP-018,WH-007,SEA,1033.1,1401,22578.99,1941.55,2,2026-03-10
SHP-175fb9f9,SUP-019,WH-006,ROAD,6876.95,2202,2089738.97,15599.89,0,2025-10-24
SHP-f2a26fcb,SUP-013,WH-002,SEA,10293.78,2285,395157.63,5678.89,2,2026-04-13
SHP-8d4470aa,SUP-005,WH-007,AIR,1033.1,1425,2171443.94,13829.18,0,2025-06-18
SHP-381b5a51,SUP-022,WH-001,SEA,3903.78,1576,94131.0,2951.89,0,2025-09-29
SHP-79bb3958,SUP-004,WH-004,SEA,3783.95,3457,219762.54,3012.97,0,2026-01-25
SHP-839ddcd8,SUP-011,WH-010,SEA,6541.02,2961,264372.53,4834.51,0,2026-03-11
SHP-1511e6a9,SUP-026,WH-009,ROAD,583.76,2597,201933.28,2251.51,0,2026-04-17
SHP-653b53bb,SUP-046,WH-009,SEA,412.94,4486,30565.05,1699.47,0,2025-10-11
SHP-ee7051d2,SUP-014,WH-007,SEA,50,2281,1437.03,1191.0,0,2025-11-02
SHP-c71bad16,SUP-007,WH-002,RAIL,10139.13,620,103094.64,20846.25,0,2025-08-07
SHP-cafe8263,SUP-010,WH-007,SEA,3903.78,2313,140859.21,2857.89,0,2026-05-04
SHP-36d108f4,SUP-050,WH-002,ROAD,50,2835,18200.7,1781,5,2025-08-29
SHP-db40fdd9,SUP-015,WH-008,RAIL,10293.78,1503,318713.96,21497.56,0,2026-01-21
SHP-cb77fe97,SUP-013,WH-009,AIR,583.76,3795,3101498.32,8154.08,0,2025-10-06
SHP-47311f11,SUP-016,WH-005,SEA,5032.41,3798,283829.45,4128.21,0,2025-10-31
SHP-e4da52d0,SUP-024,WH-001,AIR,3805.74,3108,15228860.16,46631.88,0,2025-10-11
SHP-8aeac758,SUP-031,WH-009,AIR,6990.85,3518,34738768.02,85748.23,0,2026-04-25
SHP-8f1e07d5,SUP-020,WH-008,ROAD,6657.79,3519,2670877.44,14175.57,0,2025-09-08
SHP-e5bb714e,SUP-049,WH-010,RAIL,6657.79,2080,315738.85,14863.57,0,2026-03-10
SHP-f18db484,SUP-026,WH-008,SEA,50,4759,3961.87,635.0,0,2025-07-23
SHP-44f4b7c5,SUP-042,WH-004,SEA,2902.35,1097,53011.5,3360.17,0,2025-12-07
SHP-bb9992b5,SUP-032,WH-010,SEA,9010.28,4670,732157.33,6284.14,0,2026-02-23
SHP-8a62f4b0,SUP-006,WH-010,ROAD,6541.02,912,780275.28,13851.03,0,2025-07-16
SHP-378746bf,SUP-011,WH-002,SEA,3903.78,2179,116111.41,3165.89,2,2026-02-27
SHP-eb82c76c,SUP-019,WH-006,RAIL,6876.95,3000,474509.3,15282.89,0,2025-10-26
SHP-e58fe5f5,SUP-027,WH-008,SEA,6541.02,1603,163569.9,5227.51,0,2026-01-29
SHP-94449095,SUP-048,WH-010,SEA,6657.79,2749,238844.42,5073.89,5,2025-10-03
SHP-bffad2e9,SUP-033,WH-002,SEA,3903.78,3241,225840.73,2557.89,0,2025-12-31
SHP-06f77d12,SUP-037,WH-010,SEA,583.76,3819,39794.18,1344.88,0,2025-08-20
SHP-186b3241,SUP-009,WH-010,AIR,10293.78,4896,50398347.55,124851.36,10,2026-01-08
SHP-0652af4a,SUP-014,WH-002,RAIL,3903.78,4879,319981.68,8597.55,2,2025-12-14
SHP-3fac4b0a,SUP-035,WH-003,SEA,3903.78,1946,110532.72,2842.89,0,2026-04-09
SHP-5f6b936a,SUP-007,WH-005,RAIL,6532.42,4294,460023.66,14518.85,0,2025-08-12
SHP-c061fcfa,SUP-012,WH-001,SEA,2902.35,1891,65860.04,2575.17,0,2025-09-15
SHP-d09ab664,SUP-046,WH-004,SEA,10139.13,1084,181348.42,6004.56,5,2026-01-18
SHP-ef6c9a68,SUP-005,WH-007,RAIL,1033.1,3526,85967.85,3606.2,5,2025-10-26
SHP-88033e1c,SUP-041,WH-007,SEA,6541.02,2672,267407.23,3875.51,0,2026-02-09
SHP-1c417252,SUP-049,WH-010,ROAD,6657.79,1214,1105693.17,15174.57,2,2025-10-11
SHP-4f74897c,SUP-011,WH-010,SEA,6541.02,4664,416424.68,4138.51,0,2026-01-13
SHP-f6c23ff9,SUP-002,WH-002,SEA,3783.95,897,46330.83,3016.97,0,2026-04-05
SHP-3d4a0671,SUP-020,WH-001,AIR,3783.95,4392,19735173.4,47164.36,0,2025-11-27
SHP-37002200,SUP-046,WH-006,SEA,6532.42,709,76419.55,3932.21,0,2025-10-14
SHP-63357c9b,SUP-002,WH-001,SEA,3783.95,773,39926.12,3003.97,0,2025-12-25
SHP-5d74a526,SUP-021,WH-006,SEA,50,4965,3872.7,1281.0,0,2025-09-16
SHP-1ee42f29,SUP-016,WH-005,SEA,5032.41,2496,186529.31,3490.21,2,2026-05-06
SHP-06bc5850,SUP-016,WH-001,SEA,3805.74,1167,65953.29,2527.87,0,2026-01-12
SHP-47f261b1,SUP-028,WH-006,ROAD,6541.02,629,404847.08,13836.03,2,2025-11-12
SHP-3dd62de2,SUP-017,WH-008,SEA,6657.79,4450,444407.23,3982.89,0,2026-01-26
SHP-f7fe241a,SUP-017,WH-002,SEA,3783.95,2465,139911.42,3139.97,0,2026-03-01
SHP-bc6165f9,SUP-010,WH-002,SEA,50,4256,3319.68,1069.0,10,2025-09-21
SHP-79622b13,SUP-040,WH-007,ROAD,120.15,4378,64385.68,1501.3,0,2026-03-18
SHP-9887d89d,SUP-011,WH-007,SEA,50,1144,780.78,832.0,5,2025-12-14
SHP-84c16f35,SUP-027,WH-006,ROAD,50,4473,27911.52,981,0,2026-02-17
SHP-1ceaa304,SUP-003,WH-003,SEA,10139.13,1799,281812.47,6215.56,10,2026-04-01
SHP-b25cc7cf,SUP-008,WH-009,SEA,583.76,3520,31747.01,1111.88,10,2025-08-20
SHP-d5a1c448,SUP-008,WH-002,AIR,10293.78,4360,57784134.79,124723.36,0,2025-06-10
SHP-337ece1c,SUP-011,WH-010,SEA,6541.02,3591,320622.0,5001.51,10,2025-09-30
SHP-9ff3430a,SUP-046,WH-006,RAIL,6532.42,1527,219450.21,14798.85,2,2025-11-02
SHP-d4d41210,SUP-039,WH-001,ROAD,10527.33,4563,5476125.66,21913.65,0,2025-07-25
SHP-d2c51e1e,SUP-029,WH-008,AIR,6541.02,2387,18736088.64,79308.2,0,2025-08-04
SHP-3e381b4b,SUP-031,WH-005,SEA,120.15,2258,4598.6,1217.08,0,2026-02-01
SHP-6b3ce1be,SUP-019,WH-001,AIR,10527.33,3769,57036396.09,128240.92,0,2025-10-15
SHP-4c2d8c93,SUP-048,WH-002,ROAD,3783.95,1821,719375.17,8186.89,0,2026-04-07
SHP-6947a0b5,SUP-048,WH-004,SEA,3783.95,2940,145178.68,2739.97,0,2025-06-10
SHP-fc136023,SUP-033,WH-010,SEA,6541.02,1562,182374.67,4221.51,0,2025-12-30
SHP-3e1ad74b,SUP-019,WH-003,SEA,10527.33,1437,260954.0,6982.66,0,2026-02-20
SHP-942d1bfc,SUP-013,WH-010,SEA,50,1741,1462.44,1983.0,0,2025-06-18
SHP-4581ae18,SUP-046,WH-010,RAIL,694.15,4201,64154.73,2503.3,5,2025-11-05
SHP-066de3f4,SUP-024,WH-007,RAIL,5032.41,1390,144098.04,10918.82,0,2025-07-11
SHP-2a68fb50,SUP-033,WH-008,SEA,6541.02,3451,402928.93,5123.51,0,2026-02-10
SHP-bea23e98,SUP-027,WH-004,SEA,3903.78,3798,231294.11,2977.89,0,2025-08-26
SHP-d37c0125,SUP-015,WH-007,AIR,3903.78,3846,19330430.82,47432.33,0,2026-03-09
SHP-c97cb151,SUP-008,WH-008,SEA,50,4033,3115.49,1111.0,2,2026-03-08
SHP-60e4db83,SUP-041,WH-005,SEA,6541.02,771,77159.8,4217.51,0,2026-02-09
SHP-13aa5c7e,SUP-050,WH-006,RAIL,3903.78,4760,397654.35,9392.55,0,2025-08-17
SHP-37ae78c7,SUP-042,WH-003,AIR,2902.35,3162,12733391.16,36570.16,5,2025-12-03
SHP-7a75ea8e,SUP-048,WH-006,SEA,120.15,3865,6060.27,744.08,2,2025-10-22
SHP-ecf976d7,SUP-040,WH-002,SEA,3783.95,1776,102820.42,2612.97,0,2025-08-11
SHP-f497144c,SUP-006,WH-003,SEA,3903.78,3057,195118.39,3480.89,0,2026-04-06
SHP-74ff78aa,SUP-012,WH-007,SEA,1033.1,3716,46067.93,1209.55,10,2025-08-06
SHP-75cfc574,SUP-002,WH-003,SEA,3783.95,3920,202471.41,2620.97,0,2026-01-26
SHP-a9a5c612,SUP-012,WH-004,RAIL,2902.35,2064,95847.08,7720.69,0,2026-03-04
SHP-7299ed9a,SUP-026,WH-007,ROAD,6541.02,4689,4085354.28,13851.03,0,2026-05-03
SHP-49e9b848,SUP-048,WH-006,ROAD,120.15,756,9483.19,950.3,2,2025-07-24
SHP-c5d99cf8,SUP-016,WH-001,SEA,3805.74,3860,218148.84,2633.87,0,2025-12-18
SHP-7725b994,SUP-045,WH-010,SEA,7569.88,4182,474858.87,5640.94,10,2026-01-08
SHP-f586f5d4,SUP-036,WH-005,ROAD,120.15,2492,29103.58,1455.3,0,2025-09-05
SHP-c5265249,SUP-002,WH-006,SEA,120.15,3575,5863.28,1645.08,0,2025-11-26
SHP-1fe5a15c,SUP-012,WH-010,SEA,7569.88,920,83571.53,4991.94,0,2026-05-06
SHP-2679aed0,SUP-007,WH-010,RAIL,694.15,4377,49828.03,3095.3,0,2026-03-14
SHP-159d92bb,SUP-031,WH-010,AIR,6657.79,2735,25720276.29,81500.43,2,2026-01-10
SHP-30fbf8ad,SUP-042,WH-002,RAIL,2902.35,2188,140977.41,7459.69,0,2025-10-29
SHP-eef5b29a,SUP-048,WH-009,RAIL,6990.85,4413,536800.98,15246.7,0,2026-03-03
SHP-9faa6df1,SUP-023,WH-010,SEA,6541.02,1688,177211.84,4843.51,0,2025-07-30
SHP-030687f6,SUP-030,WH-002,ROAD,10527.33,3069,4497324.34,22331.65,0,2026-04-13
SHP-62e0440d,SUP-007,WH-008,SEA,694.15,4975,42476.77,1974.07,0,2025-09-01
SHP-44d222dc,SUP-011,WH-003,AIR,3903.78,3142,13952197.07,48189.33,0,2026-03-07
SHP-ed0e5ba6,SUP-035,WH-008,SEA,6541.02,4758,452827.4,4614.51,10,2026-01-14
SHP-b22fe1db,SUP-036,WH-006,SEA,120.15,4633,6763.49,1335.08,0,2025-08-19
SHP-4717af18,SUP-034,WH-001,RAIL,10527.33,3197,753891.31,22125.65,2,2026-04-21
SHP-6e47b55d,SUP-024,WH-004,SEA,3805.74,1199,70499.63,3699.87,0,2026-01-22
SHP-b94d3f60,SUP-024,WH-008,AIR,9010.28,1766,20486898.84,108667.36,5,2026-04-11
SHP-45f290a5,SUP-027,WH-005,SEA,50,930,725.4,1920.0,0,2025-12-28
SHP-7e374b21,SUP-002,WH-001,ROAD,3783.95,4368,1804888.03,8419.89,0,2025-10-20
SHP-0334dee3,SUP-019,WH-001,ROAD,10527.33,2156,3132174.35,22738.65,0,2026-03-29
SHP-411a287b,SUP-009,WH-001,RAIL,50,1908,1526.4,1924,0,2025-11-04
SHP-501c6432,SUP-026,WH-005,RAIL,6541.02,4747,689314.59,13679.03,0,2025-09-24
SHP-de06817a,SUP-014,WH-006,SEA,50,4063,2559.69,547.0,0,2026-02-03
SHP-e036b904,SUP-008,WH-005,AIR,6541.02,4776,40221366.65,79942.2,2,2025-06-17
SHP-7661f2ae,SUP-019,WH-009,ROAD,50,582,4015.8,1500,2,2025-07-12
SHP-73461aee,SUP-029,WH-001,SEA,3903.78,3704,208218.1,3809.89,0,2025-09-01
SHP-51a430db,SUP-034,WH-010,SEA,583.76,3892,38169.27,1921.88,0,2025-06-13
SHP-194a65a8,SUP-024,WH-007,SEA,5032.41,4101,318855.78,4303.21,10,2026-04-07
SHP-38985602,SUP-019,WH-001,ROAD,10527.33,2391,3473575.54,22149.65,0,2025-08-30
SHP-276f3b87,SUP-013,WH-007,AIR,6541.02,637,5833278.82,79211.2,0,2025-09-02
SHP-ca0c40b8,SUP-005,WH-003,ROAD,2902.35,636,261378.34,6968.69,0,2025-12-17
SHP-b3dbb215,SUP-041,WH-009,SEA,583.76,4035,36038.5,1166.88,0,2026-03-17
SHP-30f50099,SUP-023,WH-003,SEA,3903.78,1416,88720.36,2865.89,10,2026-03-18
SHP-b953dd2f,SUP-028,WH-007,SEA,6541.02,616,49559.98,4611.51,0,2025-07-06
SHP-007835ee,SUP-034,WH-010,ROAD,583.76,3148,246982.24,2303.51,0,2025-09-10
SHP-52efbc66,SUP-040,WH-008,SEA,6657.79,3965,403891.27,4021.89,0,2025-08-19
SHP-c17d9a54,SUP-035,WH-008,SEA,6541.02,3093,294366.36,4036.51,2,2026-05-01
SHP-64a47fcd,SUP-032,WH-010,RAIL,9010.28,3750,783894.36,19793.56,0,2026-01-15
SHP-f6492335,SUP-022,WH-006,SEA,50,4841,3703.37,686.0,0,2026-03-27
SHP-54ad8d52,SUP-018,WH-010,RAIL,7569.88,2469,388752.95,16766.77,0,2025-07-24
SHP-9045ded2,SUP-043,WH-005,ROAD,5032.41,4837,3213113.48,11596.82,2,2026-03-26
SHP-342b9c18,SUP-025,WH-002,RAIL,3783.95,1862,152187.3,8212.89,0,2025-10-20
SHP-4e19a406,SUP-010,WH-007,ROAD,3903.78,3060,1490805.64,9447.55,0,2025-12-11
SHP-49de7334,SUP-037,WH-001,SEA,10527.33,4624,868908.67,6560.66,0,2026-02-04
SHP-4ac36e99,SUP-017,WH-006,SEA,120.15,4060,7317.28,2054.08,10,2025-08-20
SHP-3697f8b8,SUP-013,WH-005,RAIL,6541.02,3704,542705.55,14255.03,0,2026-02-19
SHP-3d3a32ec,SUP-002,WH-008,ROAD,6657.79,1121,815000.91,13918.57,0,2025-08-29
SHP-7a98481a,SUP-024,WH-006,RAIL,5032.41,2791,289336.42,10964.82,5,2025-10-11
SHP-1a834c9c,SUP-011,WH-010,AIR,6541.02,4893,36405909.77,79752.2,0,2026-03-23
SHP-83650d17,SUP-018,WH-006,SEA,1033.1,1308,21080.17,1684.55,0,2025-10-13
SHP-56f93892,SUP-020,WH-005,SEA,120.15,4978,8523.18,1969.08,0,2026-01-25
SHP-e6e15e61,SUP-007,WH-001,AIR,10139.13,2366,24588903.74,122896.52,0,2025-12-07
SHP-423000a1,SUP-012,WH-005,SEA,1033.1,4142,51349.13,1599.55,0,2025-08-15
SHP-73f13916,SUP-049,WH-007,ROAD,120.15,2679,44034.28,1900.3,2,2025-12-25
SHP-72ab147c,SUP-026,WH-005,SEA,6541.02,1044,113699.88,4394.51,2,2025-06-10
SHP-3a9cc5bf,SUP-038,WH-008,SEA,9010.28,4710,566552.89,5633.14,0,2025-11-24
SHP-da47bc55,SUP-017,WH-006,RAIL,120.15,1446,3474.8,2006.3,0,2026-01-17
SHP-4c96fd80,SUP-025,WH-010,ROAD,6657.79,821,708399.1,14233.57,0,2026-02-25
SHP-063e9228,SUP-008,WH-006,ROAD,6541.02,2928,2367199.23,15043.03,0,2025-11-26
SHP-feaedfc2,SUP-034,WH-010,AIR,583.76,1927,1574858.3,8417.08,2,2025-07-20
SHP-3c1f7c17,SUP-037,WH-005,SEA,6876.95,2382,292398.82,4988.47,0,2025-12-04
SHP-ae842269,SUP-019,WH-001,SEA,10527.33,1265,229719.42,5950.66,0,2026-03-11
SHP-922789d6,SUP-003,WH-008,SEA,694.15,2506,26875.89,2147.07,0,2025-08-17
SHP-1e2c5f0a,SUP-020,WH-003,AIR,3783.95,3472,15601211.76,46018.36,0,2025-06-05
SHP-81335505,SUP-003,WH-005,SEA,6532.42,4470,451138.91,5265.21,5,2026-05-03
SHP-f97b5c43,SUP-040,WH-008,SEA,6657.79,1592,162167.69,4374.89,5,2025-11-12
SHP-27b4e6cc,SUP-004,WH-006,SEA,120.15,3432,6927.69,1426.08,0,2026-03-26
SHP-3821b33f,SUP-036,WH-001,ROAD,3783.95,1691,621949.14,9000.89,0,2026-01-24
SHP-91294486,SUP-040,WH-007,ROAD,120.15,1142,16794.98,2146.3,0,2025-09-28
SHP-abe79f61,SUP-039,WH-007,ROAD,6876.95,1360,1066201.77,14562.89,0,2025-07-06
SHP-72d6a85e,SUP-008,WH-006,SEA,6541.02,2973,300447.55,5042.51,0,2026-01-01
SHP-ecdbe11e,SUP-036,WH-006,AIR,120.15,4097,498417.28,2198.83,0,2025-11-16
SHP-7e1bff86,SUP-002,WH-007,ROAD,120.15,725,9512.46,2157.3,0,2026-03-17
SHP-a29a86d4,SUP-015,WH-006,SEA,3903.78,999,60253.04,3736.89,5,2025-11-10
SHP-2fda4933,SUP-050,WH-006,SEA,3903.78,1266,79322.02,3450.89,0,2026-03-01
SHP-cc4ae253,SUP-039,WH-007,SEA,6876.95,568,55662.0,4005.47,5,2026-02-16
SHP-fb1fa659,SUP-008,WH-007,SEA,6541.02,4761,481140.52,4470.51,0,2026-02-19
SHP-59ed067b,SUP-036,WH-007,SEA,120.15,726,1059.85,1010.08,0,2025-08-11
SHP-157923e7,SUP-040,WH-004,SEA,3783.95,2048,118567.7,2411.97,0,2025-07-31
SHP-de9d2355,SUP-002,WH-008,RAIL,6657.79,2268,274817.43,14750.57,5,2026-03-18
SHP-8400127c,SUP-024,WH-001,ROAD,3805.74,4425,2081473.55,9218.48,2,2026-01-07
